year,country,title,rating,genre
2013,USA,21 &amp; Over,1,Comedy
2012,"UK, USA, India, South Africa",Dredd 3D,3,"Action, Crime, Sci-Fi"
2013,"USA, UK",12 Years a Slave,3,"Biography, Drama, History"
2013,USA,2 Guns,1,"Action, Comedy, Crime"
2013,USA,42,2,"Biography, Drama, Sport"
2013,USA,47 Ronin,2,"Action, Adventure, Fantasy"
2013,USA,A Good Day to Die Hard,1,"Action, Crime, Thriller"
2013,UK,About Time,3,"Drama, Fantasy, Romance"
2013,USA,Admission,3,"Comedy, Drama, Romance"
2013,USA,After Earth,1,"Action, Adventure, Sci-Fi"
2013,USA,American Hustle,3,"Crime, Drama"
2013,USA,August: Osage County,3,Drama
2013,USA,Beautiful Creatures,3,"Drama, Fantasy, Romance"
2013,USA,Blue Jasmine,3,"Comedy, Drama"
2013,USA,Captain Phillips,1,"Biography, Drama, Thriller"
2013,USA,Carrie,3,"Drama, Horror"
2013,USA,Cloudy with a Chance of Meatballs 2,3,"Animation, Comedy, Family"
2013,USA,Despicable Me 2,3,"Animation, Adventure, Comedy"
2013,USA,Don Jon,3,"Comedy, Drama, Romance"
2013,USA,Elysium,3,"Action, Drama, Sci-Fi"
2013,USA,Ender&#39;s Game,2,"Action, Adventure, Sci-Fi"
2013,USA,Epic,3,"Animation, Adventure, Family"
2013,"USA, Canada",Escape from Planet Earth,3,"Animation, Adventure, Comedy"
2013,USA,Escape Plan,2,"Action, Mystery, Thriller"
2013,USA,Evil Dead,3,Horror
2013,USA,Fast and Furious 6,3,"Action, Crime, Thriller"
2013,USA,Frozen,3,"Animation, Adventure, Comedy"
2013,USA,G.I. Joe: Retaliation,3,"Action, Adventure, Sci-Fi"
2013,USA,Gangster Squad,1,"Action, Crime, Drama"
2013,"Chile, Spain",Gloria,3,"Comedy, Drama"
2013,"USA, UK",Gravity,0,"Drama, Sci-Fi, Thriller"
2013,USA,Grown Ups 2,2,Comedy
2013,"Germany, USA",Hansel &amp; Gretel: Witch Hunters,3,"Action, Fantasy, Horror"
2013,USA,Her,2,"Drama, Romance, Sci-Fi"
2013,USA,Identity Thief,2,"Comedy, Crime"
2013,"USA, Canada",Insidious: Chapter 2,2,"Horror, Thriller"
2013,"USA, China",Iron Man 3,3,"Action, Adventure, Fantasy"
2013,USA,Jack the Giant Slayer,0,"Adventure, Fantasy"
2013,"USA, UK",Kick-Ass 2,3,"Action, Comedy, Crime"
2013,USA,Last Vegas,1,Comedy
2013,USA,Lee Daniels&#39; The Butler,3,"Biography, Drama"
2013,"Russia, USA",Machete Kills,3,"Action, Comedy, Crime"
2013,"Canada, Spain",Mama,3,"Horror, Thriller"
2013,"USA, Canada, UK",Man of Steel,3,"Action, Adventure, Fantasy"
2013,USA,Nebraska,3,"Adventure, Drama"
2013,"France, USA",Now You See Me,1,"Crime, Mystery, Thriller"
2013,USA,Oblivion,3,"Action, Adventure, Mystery"
2013,USA,Olympus Has Fallen,1,"Action, Thriller"
2013,USA,Oz the Great and Powerful,3,"Adventure, Family, Fantasy"
2013,USA,Pacific Rim,1,"Action, Adventure, Sci-Fi"
2013,USA,Pain &amp; Gain,1,"Action, Comedy, Crime"
2013,USA,Parker,3,"Action, Crime, Thriller"
2013,USA,Peeples,3,"Comedy, Romance"
2013,USA,Percy Jackson: Sea of Monsters,3,"Adventure, Family, Fantasy"
2013,USA,Prisoners,3,"Crime, Drama, Thriller"
2013,USA,R.I.P.D.,1,"Action, Comedy, Crime"
2013,"USA, France, Canada",Red 2,3,"Action, Comedy, Crime"
2013,"USA, UK",Riddick,0,"Action, Sci-Fi, Thriller"
2013,USA,Runner Runner,0,"Crime, Drama, Thriller"
2013,"USA, Germany, UK",Rush,1,"Action, Biography, Drama"
2013,USA,Safe Haven,3,"Drama, Mystery, Romance"
2013,"USA, UK, Australia",Saving Mr. Banks,3,"Biography, Comedy, Drama"
2013,USA,Side Effects,3,"Crime, Drama, Thriller"
2013,USA,Star Trek Into Darkness,1,"Action, Adventure, Sci-Fi"
2013,USA,Texas Chainsaw 3D,3,"Horror, Thriller"
2013,USA,"Big Wedding, The",3,Comedy
2013,"USA, Germany","Book Thief, The",3,"Drama, War"
2013,USA,"Call, The",3,"Crime, Thriller"
2013,USA,"Conjuring, The",3,"Horror, Thriller"
2013,"USA, UK","Counselor, The",3,"Crime, Drama, Thriller"
2013,USA,"Croods, The",3,"Animation, Adventure, Comedy"
2013,"USA, France","Family, The",3,"Comedy, Crime, Thriller"
2013,"USA, Belgium","Fifth Estate, The",1,"Biography, Drama, Thriller"
2013,USA,"Frozen Ground, The",3,"Biography, Crime, History"
2013,"Australia, USA","Great Gatsby, The",3,"Drama, Romance"
2013,USA,"Hangover part 3, The",2,Comedy
2013,USA,"Heat, The",3,"Action, Comedy, Crime"
2013,"USA, New Zealand","Hobbit: The Desolation of Smaug, The",3,"Adventure, Fantasy"
2013,USA,"Host, The",3,"Adventure, Romance, Sci-Fi"
2013,USA,"Hunger Games: Catching Fire, The",3,"Action, Adventure, Sci-Fi"
2013,USA,"Incredible Burt Wonderstone, The",1,Comedy
2013,USA,"Internship, The",1,Comedy
2013,USA,"Last Exorcism Part II, The",3,"Drama, Horror, Thriller"
2013,USA,"Lone Ranger, The",1,"Action, Adventure, Western"
2013,"USA, Germany, Canada","Mortal Instruments: City of Bones, The",3,"Action, Adventure, Drama"
2013,"USA, France","Purge, The",3,"Horror, Sci-Fi, Thriller"
2013,USA,"Smurfs 2, The",3,"Animation, Comedy, Family"
2013,USA,"To Do List, The",3,Comedy
2013,USA,"Way Way Back, The",3,"Comedy, Drama"
2013,USA,"Wolf of Wall Street, The",3,"Biography, Comedy, Crime"
2013,"USA, UK","Wolverine, The",3,"Action, Adventure, Fantasy"
2013,"UK, USA, Japan","World&#39;s End, The",2,"Action, Comedy, Sci-Fi"
2013,USA,This Is the End,1,"Comedy, Fantasy"
2013,USA,Thor: The Dark World,3,"Action, Adventure, Fantasy"
2013,"UK, France",Trance,0,"Crime, Drama, Mystery"
2013,USA,Turbo,3,"Animation, Adventure, Comedy"
2013,USA,Warm Bodies,2,"Comedy, Horror, Romance"
2013,USA,We&#39;re the Millers,3,"Comedy, Crime"
2013,USA,White House Down,2,"Action, Drama, Thriller"
2013,"USA, Malta",World War Z,3,"Action, Adventure, Horror"
2012,USA,Abraham Lincoln: Vampire Hunter,3,"Action, Fantasy, Horror"
2012,USA,Act of Valor,0,"Action, Thriller, War"
2012,"France, Germany, Austria",Amour,3,"Drama, Romance"
2012,UK,Anna Karenina,2,Drama
2012,USA,Argo,3,"Biography, Drama, History"
2012,USA,Battleship,1,"Action, Adventure, Sci-Fi"
2012,USA,Beasts of the Southern Wild,3,"Drama, Fantasy"
2012,USA,Blue Like Jazz,3,"Comedy, Drama"
2012,USA,Brave,3,"Animation, Action, Adventure"
2012,USA,Bullet to the Head,0,"Action, Crime, Thriller"
2012,USA,Chernobyl Diaries,1,"Horror, Thriller"
2012,USA,Chronicle,1,"Drama, Sci-Fi, Thriller"
2012,"Germany, USA, Hong Kong, Singapore",Cloud Atlas,3,"Adventure, Drama, Sci-Fi"
2012,"USA, UK, France",Contraband,3,"Action, Crime, Drama"
2012,USA,Django Unchained,1,"Adventure, Drama, Western"
2012,USA,Flight,3,"Drama, Thriller"
2012,USA,Frankenweenie,0,"Animation, Comedy, Family"
2012,USA,Hannibal,3,"Crime, Drama, Thriller"
2012,USA,Hotel Transylvania,3,"Animation, Comedy, Family"
2012,USA,Jack Reacher,1,"Action, Crime, Thriller"
2012,"Denmark, Sweden",Jagten,2,Drama
2012,USA,John Carter,3,"Action, Adventure, Fantasy"
2012,USA,Killing Them Softly,0,"Crime, Thriller"
2012,"USA, UK",Les Miserables,3,"Drama, Musical, Romance"
2012,"USA, Taiwan, UK",Life of Pi,1,"Adventure, Drama, Fantasy"
2012,USA,Lincoln,3,"Biography, Drama, History"
2012,USA,Madagascar 3: Europe&#39;s Most Wanted,2,"Animation, Adventure, Comedy"
2012,"USA, United Arab Emirates",Men in Black III,1,"Action, Comedy, Sci-Fi"
2012,"USA, Canada",Mirror Mirror,3,"Adventure, Comedy, Drama"
2012,USA,Moonrise Kingdom,3,"Comedy, Drama, Romance"
2012,USA,Much Ado About Nothing,3,"Comedy, Drama, Romance"
2012,USA,Paranormal Activity 4,3,Horror
2012,USA,ParaNorman,3,"Animation, Adventure, Comedy"
2012,USA,Parental Guidance,3,Comedy
2012,USA,People Like Us,3,Drama
2012,USA,Pitch Perfect,3,"Comedy, Music, Romance"
2012,USA,Premium Rush,3,"Action, Crime, Thriller"
2012,USA,Red Dawn,1,"Action, Thriller, War"
2012,USA,Red Tails,2,"Action, Adventure, Drama"
2012,USA,Rise of the Guardians,1,"Animation, Adventure, Family"
2012,USA,Rock of Ages,3,"Comedy, Drama, Musical"
2012,USA,Safe,1,"Action, Crime, Thriller"
2012,USA,Safety Not Guaranteed,3,"Comedy, Drama, Romance"
2012,UK,Seven Psychopaths,1,"Comedy, Crime, Thriller"
2012,"France, USA, Canada",Silent Hill: Revelation 3D,3,"Horror, Mystery, Thriller"
2012,USA,Silver Linings Playbook,3,"Comedy, Drama, Romance"
2012,"USA, UK",Sinister,2,"Horror, Mystery, Thriller"
2012,"UK, USA",Skyfall,3,"Action, Adventure, Thriller"
2012,USA,Snow White and the Huntsman,3,"Adventure, Drama, Fantasy"
2012,USA,Sparkle,3,"Drama, Music"
2012,USA,Spring Breakers,3,"Crime, Drama"
2012,USA,Step Up Revolution,3,"Drama, Music, Romance"
2012,USA,Supporting Characters,2,Comedy
2012,USA,Ted,2,"Comedy, Fantasy"
2012,USA,That&#39;s My Boy,1,Comedy
2012,USA,"Amazing Spider-Man, The",2,"Action, Adventure, Fantasy"
2012,USA,"Avengers, The",1,"Action, Fantasy"
2012,"USA, UK","Dark Knight Rises, The",1,"Action, Crime, Thriller"
2012,USA,"Devil Inside, The",3,Horror
2012,USA,"Dictator, The",1,Comedy
2012,USA,"Expendables 2, The",3,"Action, Adventure, Thriller"
2012,USA,"Grey, The",0,"Action, Adventure, Drama"
2012,"USA, New Zealand","Hobbit: An Unexpected Journey, The",0,"Adventure, Fantasy"
2012,USA,"Hunger Games, The",3,"Adventure, Sci-Fi, Thriller"
2012,Spain,"Impossible, The",2,"Drama, History, Thriller"
2012,"USA, Hong Kong","Man with the Iron Fists, The",1,Action
2012,USA,"Master, The",1,Drama
2012,"UK, USA","Pirates! Band of Misfits, The",1,"Animation, Adventure, Comedy"
2012,USA,"Place Beyond the Pines, The",1,"Crime, Drama"
2012,USA,"Twilight Saga: Breaking Dawn - Part 2, The",3,"Adventure, Drama, Fantasy"
2012,"USA, France, Australia, UK, Germany","Vow, The",3,"Drama, Romance"
2012,USA,"Watch, The",2,"Comedy, Sci-Fi"
2012,"UK, Canada, Sweden","Woman in Black, The",1,"Drama, Horror, Thriller"
2012,USA,"Words, The",1,"Drama, Mystery, Romance"
2012,USA,Think Like a Man,3,"Comedy, Romance"
2012,"USA, Italy, Spain",To Rome With Love,2,"Comedy, Romance"
2012,"USA, Canada",Total Recall,1,"Action, Adventure, Sci-Fi"
2012,USA,Underworld: Awakening,3,"Action, Fantasy, Horror"
2012,USA,Wanderlust,3,Comedy
2012,USA,What to Expect When You&#39;re Expecting,3,"Comedy, Drama, Romance"
2012,USA,Won&#39;t Back Down,3,Drama
2012,"USA, Spain",Wrath of the Titans,1,"Action, Adventure, Fantasy"
2012,USA,Wreck-It Ralph,3,"Animation, Adventure, Comedy"
2012,USA,Zero Dark Thirty,3,"Drama, History, Thriller"
2011,"Germany, Canada, USA",30 Minutes or Less,1,"Action, Comedy, Crime"
2011,USA,50/50,2,"Comedy, Drama"
2011,"UK, Germany, Canada, Switzerland",A Dangerous Method,3,"Biography, Drama, Thriller"
2011,UK,A Lonely Place to Die,3,"Action, Adventure, Crime"
2011,USA,A Very Harold &amp; Kumar 3D Christmas,1,Comedy
2011,USA,Another Earth,3,"Drama, Sci-Fi"
2011,"USA, Canada",Apollo 18,0,"Horror, Sci-Fi, Thriller"
2011,"UK, USA",Arthur Christmas,1,"Animation, Comedy, Drama"
2011,"UK, France",Attack the Block,3,"Action, Comedy, Sci-Fi"
2011,USA,Bad Teacher,3,Comedy
2011,USA,Battle: Los Angeles,1,"Action, Adventure, Drama"
2011,USA,Beastly,1,"Drama, Fantasy, Romance"
2011,"Spain, USA, Bolivia, France",Blackthorn,1,"Action, Adventure, Western"
2011,USA,Bridesmaids,3,"Comedy, Romance"
2011,USA,Captain America: The First Avenger,1,"Action, Adventure, Sci-Fi"
2011,USA,Cars 2,2,"Animation, Adventure, Comedy"
2011,"France, USA, Iran",Circumstance,3,Drama
2011,France,Colombiana,1,"Action, Crime, Drama"
2011,USA,Conan the Barbarian,3,"Action, Adventure, Fantasy"
2011,"USA, United Arab Emirates",Contagion,3,"Drama, Sci-Fi, Thriller"
2011,UK,Coriolanus,2,"Drama, Thriller, War"
2011,USA,Cowboys &amp; Aliens,1,"Action, Sci-Fi, Thriller"
2011,USA,Detention,3,"Comedy, Horror, Sci-Fi"
2011,USA,Diary of a Wimpy Kid: Rodrick Rules,1,"Comedy, Family"
2011,USA,Dolphin Tale,2,"Drama, Family"
2011,"USA, Canada",Dream House,3,"Drama, Mystery, Thriller"
2011,USA,Drive,3,"Crime, Drama"
2011,USA,Fast Five,3,"Action, Crime, Thriller"
2011,"USA, Canada",Final Destination 5,2,"Horror, Thriller"
2011,USA,Footloose,3,"Comedy, Drama, Music"
2011,USA,Fright Night,3,"Comedy, Horror"
2011,USA,Green Lantern,1,"Action, Adventure, Sci-Fi"
2011,USA,Hall Pass,2,"Comedy, Romance"
2011,"USA, UK, Germany",Hanna,3,"Action, Adventure, Thriller"
2011,"USA, UK",Harry Potter and the Deathly Hallows: Part 2,3,"Adventure, Fantasy, Mystery"
2011,"USA, Ireland",Haywire,0,"Action, Thriller"
2011,USA,Hesher,1,Drama
2011,USA,Higher Ground,3,Drama
2011,Canada,Hobo with a Shotgun,0,"Action, Comedy, Thriller"
2011,USA,Hop,2,"Animation, Comedy, Family"
2011,USA,Horrible Bosses,3,"Comedy, Crime"
2011,USA,Hugo,3,"Adventure, Drama, Family"
2011,USA,I Am Number Four,1,"Drama, Romance, Sci-Fi"
2011,USA,Immortals,2,"Action, Drama, Fantasy"
2011,USA,In Time,1,"Action, Sci-Fi, Thriller"
2011,"Finland, Sweden",Iris,3,"Drama, Family, History"
2011,"China, Hong Kong",Jin ling shi san chai,3,"Drama, History, War"
2011,"USA, France, UK",Johnny English Reborn,3,"Adventure, Comedy, Crime"
2011,USA,Jumping the Broom,3,"Comedy, Drama"
2011,USA,Just Go with It,3,"Comedy, Romance"
2011,UK,Kill List,3,"Crime, Horror, Thriller"
2011,"UK, Australia",Killer Elite,0,"Action, Crime, Thriller"
2011,USA,Kung Fu Panda 2,3,"Animation, Action, Adventure"
2011,"Finland, France, Germany",Le Havre,3,"Comedy, Drama"
2011,USA,Like Crazy,3,"Drama, Romance"
2011,USA,Limitless,1,"Mystery, Sci-Fi, Thriller"
2011,USA,Margaret,3,Drama
2011,USA,Margin Call,1,"Drama, Thriller"
2011,USA,Mars Needs Moms,3,"Animation, Action, Adventure"
2011,USA,Martha Marcy May Marlene,3,"Drama, Thriller"
2011,"Denmark, Sweden, France, Germany",Melancholia,3,"Drama, Sci-Fi"
2011,"Spain, USA",Midnight in Paris,3,"Comedy, Fantasy, Romance"
2011,"USA, United Arab Emirates, Czech Republic",Mission: Impossible - Ghost Protocol,1,"Action, Thriller"
2011,USA,Moneyball,1,"Biography, Drama, Sport"
2011,USA,Mr. Popper&#39;s Penguins,1,Comedy
2011,USA,New Year&#39;s Eve,3,"Comedy, Romance"
2011,USA,No Strings Attached,3,"Comedy, Romance"
2011,USA,October Baby,3,Drama
2011,USA,Our Idiot Brother,3,"Comedy, Drama"
2011,USA,Paranormal Activity 3,3,Horror
2011,"USA, UK",Paul,3,"Adventure, Comedy, Sci-Fi"
2011,USA,Pirates of the Caribbean: On Stranger Tides,1,"Action, Adventure, Fantasy"
2011,USA,Priest,1,"Action, Fantasy, Horror"
2011,USA,Puss in Boots,1,"Animation, Adventure, Comedy"
2011,USA,Rango,1,"Animation, Adventure, Comedy"
2011,"USA, India",Real Steel,1,"Action, Drama, Sci-Fi"
2011,"USA, Canada",Red Riding Hood,3,"Fantasy, Horror, Mystery"
2011,USA,Red State,3,"Action, Horror, Thriller"
2011,USA,Restless,3,"Drama, Romance"
2011,USA,Rio,1,"Animation, Adventure, Comedy"
2011,USA,Rise of the Planet of the Apes,1,"Action, Drama, Sci-Fi"
2011,UK,Shame,1,Drama
2011,"China, USA",Snow Flower and the Secret Fan,3,"Drama, History"
2011,USA,Soul Surfer,3,"Biography, Drama, Sport"
2011,"USA, Canada",Source Code,1,"Mystery, Sci-Fi, Thriller"
2011,USA,Straw Dogs,3,Thriller
2011,"USA, Canada",Sucker Punch,3,"Action, Fantasy, Thriller"
2011,USA,Super 8,3,"Mystery, Sci-Fi, Thriller"
2011,USA,Take Shelter,3,"Drama, Thriller"
2011,USA,"Adjustment Bureau, The",3,"Fantasy, Romance, Thriller"
2011,"USA, New Zealand","Adventures of Tintin, The",1,"Animation, Action, Adventure"
2011,"France, Belgium, USA","Artist, The",1,"Comedy, Drama, Romance"
2011,"UK, USA, United Arab Emirates","Best Exotic Marigold Hotel, The",3,"Comedy, Drama"
2011,USA,"Cabin in the Woods, The",3,"Horror, Mystery, Thriller"
2011,USA,"Darkest Hour, The",3,"Action, Horror, Sci-Fi"
2011,"Germany, USA, Canada","Divide, The",3,"Drama, Sci-Fi, Thriller"
2011,"Germany, USA","Future, The",3,"Comedy, Drama, Sci-Fi"
2011,"USA, Sweden, Norway","Girl with the Dragon Tattoo, The",1,"Crime, Drama, Mystery"
2011,USA,"Green Hornet, The",1,"Action, Comedy, Crime"
2011,Ireland,"Guard, The",1,"Comedy, Crime, Thriller"
2011,"USA, India, United Arab Emirates","Help, The",3,Drama
2011,"UK, France","Iron Lady, The",3,"Biography, Drama, History"
2011,USA,"Lincoln Lawyer, The",1,"Crime, Drama, Thriller"
2011,USA,"Mechanic, The",0,"Action, Crime, Thriller"
2011,USA,"Muppets, The",1,"Comedy, Family, Musical"
2011,"USA, Hungary, Italy","Rite, The",3,"Drama, Horror, Thriller"
2011,USA,"Roommate, The",3,"Drama, Horror, Thriller"
2011,USA,"Smurfs, The",3,"Animation, Adventure, Comedy"
2011,"Germany, France, UK, USA","Three Musketeers, The",2,"Action, Adventure, Romance"
2011,USA,"Tree of Life, The",0,"Drama, Fantasy"
2011,USA,"Twilight Saga: Breaking Dawn - Part 1, The",3,"Adventure, Drama, Fantasy"
2011,USA,Thor,3,"Action, Adventure, Fantasy"
2011,"France, UK, Germany",Tinker Tailor Soldier Spy,1,"Drama, Mystery, Thriller"
2011,USA,Tower Heist,1,"Action, Comedy, Crime"
2011,USA,Transformers: Dark of the Moon,3,"Action, Adventure, Sci-Fi"
2011,USA,War Horse,1,"Drama, War"
2011,USA,Warrior,1,"Drama, Sport"
2011,USA,We Bought a Zoo,2,"Drama, Family"
2011,UK,Weekend,1,"Drama, Romance"
2011,USA,What&#39;s Your Number,3,"Comedy, Romance"
2011,USA,Winnie the Pooh,0,"Animation, Adventure, Comedy"
2011,"USA, UK",X-Men: First Class,3,"Action, Adventure, Sci-Fi"
2011,USA,Young Adult,3,"Comedy, Drama"
2011,USA,Your Sister&#39;s Sister,3,"Comedy, Drama"
2010,"USA, UK",127 Hours,3,"Adventure, Biography, Drama"
2010,USA,Alice in Wonderland,3,"Adventure, Family, Fantasy"
2010,Australia,Animal Kingdom,1,"Crime, Drama, Thriller"
2010,UK,Another Year,3,"Comedy, Drama"
2010,"Canada, Italy",Barney&#39;s Version,3,"Comedy, Drama"
2010,USA,Beginners,1,"Comedy, Drama, Romance"
2010,"Mexico, Spain",Biutiful,1,Drama
2010,USA,Black Swan,3,"Drama, Mystery, Thriller"
2010,USA,Blue Valentine,2,"Drama, Romance"
2010,USA,Burlesque,3,"Drama, Musical, Romance"
2010,Canada,Casino Jack,1,"Biography, Comedy, Crime"
2010,"UK, France",Centurion,1,"Action, Adventure, Drama"
2010,"USA, Canada",Charlie St. Cloud,1,"Drama, Fantasy, Romance"
2010,USA,Clash of the Titans,3,"Action, Adventure, Fantasy"
2010,USA,Conviction,3,"Biography, Drama"
2010,USA,Cop Out,1,"Action, Comedy, Crime"
2010,USA,Country Strong,3,"Drama, Music"
2010,USA,Cyrus,1,"Drama, Romance"
2010,USA,Date Night,3,"Comedy, Crime, Romance"
2010,USA,Dear John,0,"Drama, Romance, War"
2010,USA,Despicable Me,3,"Animation, Comedy, Crime"
2010,USA,Devil,3,"Horror, Mystery, Thriller"
2010,USA,Diary of a Wimpy Kid,3,"Comedy, Family"
2010,USA,Dinner for Schmucks,1,Comedy
2010,"USA, Australia, Mexico",Don&#39;t Be Afraid of the Dark,3,"Fantasy, Horror, Thriller"
2010,USA,Due Date,1,"Comedy, Drama"
2010,USA,Dylan Dog: Dead of Night,0,"Comedy, Horror, Mystery"
2010,USA,Easy A,3,"Comedy, Romance"
2010,USA,"Eat, Pray, Love",3,"Drama, Romance"
2010,"UK, USA",Edge of Darkness,1,"Crime, Drama, Mystery"
2010,USA,Everything Must Go,1,"Comedy, Drama"
2010,"USA, United Arab Emirates",Fair Game,3,"Biography, Drama, Thriller"
2010,USA,Faster,0,"Action, Crime, Drama"
2010,USA,For Colored Girls,3,Drama
2010,USA,Frozen,1,"Drama, Thriller"
2010,USA,Get Him To The Greek,1,"Comedy, Music"
2010,USA,Going the Distance,3,"Comedy, Romance"
2010,"France, USA, Spain, UK",Green Zone,0,"Action, Drama, Thriller"
2010,USA,Grown Ups,3,Comedy
2010,Canada,Gunless,2,"Action, Comedy, Drama"
2010,"UK, USA",Harry Potter and the Deathly Hallows: Part 1,3,"Adventure, Family, Fantasy"
2010,USA,Hot Tub Time Machine,1,"Adventure, Comedy, Sci-Fi"
2010,USA,How to Train Your Dragon,3,"Animation, Adventure, Comedy"
2010,Italy,I Am Love,3,"Drama, Romance"
2010,"USA, UK",Inception,3,"Action, Adventure, Mystery"
2010,"USA, Canada",Insidious,3,"Horror, Thriller"
2010,USA,Iron Man 2,3,"Action, Adventure, Sci-Fi"
2010,USA,It&#39;s Kind of a Funny Story,1,"Comedy, Drama, Romance"
2010,"UK, USA",Kick-Ass,1,"Action, Comedy"
2010,USA,Knight and Day,2,"Action, Comedy, Romance"
2010,USA,Legion,3,"Action, Fantasy, Horror"
2010,"UK, USA",Let Me In,1,"Drama, Horror, Mystery"
2010,USA,Letters to Juliet,3,"Comedy, Drama, Romance"
2010,USA,Love and Other Drugs,2,"Comedy, Drama, Romance"
2010,USA,Machete,3,"Action, Crime, Thriller"
2010,UK,Made In Dagenham,3,"Biography, Comedy, Drama"
2010,USA,Meek&#39;s Cutoff,2,"Drama, Western"
2010,USA,Megamind,0,"Animation, Action, Comedy"
2010,UK,Monsters,0,"Drama, Sci-Fi, Thriller"
2010,USA,Morning Glory,3,"Comedy, Drama, Romance"
2010,"UK, France, USA",Nanny McPhee and the Big Bang,3,"Comedy, Family, Fantasy"
2010,"UK, USA",Never Let Me Go,3,"Drama, Romance, Sci-Fi"
2010,USA,Paranormal Activity 2,3,Horror
2010,"Canada, USA",Percy Jackson &amp; the Olympians: The Lightning Thief,3,"Adventure, Family, Fantasy"
2010,USA,Please Give,3,"Comedy, Drama"
2010,USA,Predators,0,"Action, Adventure, Sci-Fi"
2010,USA,Prince of Persia: The Sands of Time,0,"Action, Adventure, Fantasy"
2010,USA,Rabbit Hole,3,Drama
2010,USA,Ramona and Beezus,3,"Adventure, Comedy, Family"
2010,USA,Red,2,"Action, Comedy, Crime"
2010,USA,Remember Me,3,"Drama, Romance"
2010,"USA, Canada",Repo Men,3,"Action, Crime, Sci-Fi"
2010,"USA, UK",Robin Hood,3,"Action, Adventure, Drama"
2010,USA,Salt,3,"Action, Crime, Mystery"
2010,"USA, UK, Canada, Japan",Scott Pilgrim vs. the World,3,"Action, Comedy, Fantasy"
2010,USA,Secretariat,3,"Drama, Family, History"
2010,USA,Sex and the city 2,3,"Comedy, Drama, Romance"
2010,USA,Shrek Forever After,1,"Animation, Adventure, Comedy"
2010,USA,Shutter Island,1,"Drama, Mystery, Thriller"
2010,USA,Skyline,3,"Action, Sci-Fi, Thriller"
2010,"USA, UK, Italy, Japan",Somewhere,3,Drama
2010,"UK, USA",Submarine,1,"Comedy, Drama, Romance"
2010,USA,Super,1,"Comedy, Drama"
2010,USA,Takers,1,"Action, Crime, Thriller"
2010,USA,Tangled,3,"Animation, Comedy, Family"
2010,USA,"A-Team, The",0,"Action, Adventure, Comedy"
2010,USA,"Back-up Plan, The",3,"Comedy, Romance"
2010,USA,"Chronicles of Narnia: The Voyage of the Dawn Treader, The",3,"Adventure, Family, Fantasy"
2010,USA,"Conspirator, The",3,"Crime, Drama, History"
2010,"USA, United Arab Emirates","Crazies, The",3,"Horror, Mystery, Thriller"
2010,"USA, UK, Hungary, Israel","Debt, The",3,"Drama, Thriller"
2010,USA,"Expendables, The",1,"Action, Adventure, Thriller"
2010,USA,"Fighter, The",2,"Biography, Drama, Sport"
2010,"France, Germany, UK","Ghost Writer, The",2,"Mystery, Thriller"
2010,"UK, France","Illusionist, The",0,"Animation, Drama, Fantasy"
2010,"USA, China","Karate Kid, The",3,"Action, Drama, Family"
2010,USA,"Kids Are All Right, The",3,"Comedy, Drama"
2010,"USA, Sweden, UK, Canada","Killer Inside Me, The",1,"Crime, Drama, Thriller"
2010,"UK, USA, Australia","King&#39;s Speech, The",3,"Biography, Drama, History"
2010,USA,"Last Airbender, The",1,"Action, Adventure, Family"
2010,"USA, France","Last Exorcism, The",3,"Drama, Horror, Thriller"
2010,USA,"Losers, The",1,"Action, Crime, Drama"
2010,"USA, France","Next Three Days, The",3,"Crime, Drama, Romance"
2010,USA,"Other Guys, The",2,"Action, Comedy, Crime"
2010,USA,"Runaways, The",3,"Biography, Drama, Music"
2010,USA,"Social Network, The",1,"Biography, Drama"
2010,USA,"Sorcerer&#39;s Apprentice, The",1,"Action, Adventure, Comedy"
2010,USA,"Spy Next Door, The",3,"Action, Comedy, Family"
2010,USA,"Switch, The",2,"Comedy, Drama, Romance"
2010,USA,"Tempest, The",3,"Comedy, Drama, Fantasy"
2010,"USA, France, Italy","Tourist, The",0,"Action, Romance, Thriller"
2010,USA,"Town, The",1,"Crime, Drama, Thriller"
2010,USA,"Twilight Saga: Eclipse, The",3,"Adventure, Drama, Fantasy"
2010,USA,"Wolfman, The",1,"Drama, Horror, Thriller"
2010,USA,Tiny Furniture,3,"Comedy, Drama"
2010,USA,Toy Story 3,3,"Animation, Adventure, Comedy"
2010,USA,Tron Legacy,1,"Action, Adventure, Sci-Fi"
2010,USA,True Grit,3,"Adventure, Drama, Western"
2010,"Canada, USA",Tucker and Dale vs Evil,3,"Comedy, Horror"
2010,USA,Unstoppable,3,"Action, Thriller"
2010,USA,Valentine&#39;s Day,3,"Comedy, Romance"
2010,USA,Wall Street: Money Never Sleeps,3,Drama
2010,"UK, USA",Welcome to the Rileys,3,Drama
2010,"UK, France",Wild Target,1,"Comedy, Crime"
2010,USA,Winter&#39;s Bone,3,Drama
2010,"Germany, Hungary, France",Womb,3,"Drama, Romance, Sci-Fi"
2010,"USA, New Zealand",Yogi Bear,0,"Animation, Adventure, Comedy"
2010,USA,You Again,3,"Comedy, Romance"
2010,"USA, Spain",You Will Meet a Tall Dark Stranger,3,"Comedy, Drama, Romance"
2009,USA,(500) Days of Summer,1,"Comedy, Drama, Romance"
2009,USA,17 Again,3,"Comedy, Drama, Fantasy"
2009,USA,2012,1,"Action, Adventure, Sci-Fi"
2009,USA,9,0,"Animation, Action, Adventure"
2009,USA,A Perfect Getaway,3,"Adventure, Mystery, Thriller"
2009,"USA, UK, France",A Serious Man,2,"Comedy, Drama"
2009,USA,A Single Man,1,Drama
2009,USA,Adam,2,"Drama, Romance"
2009,USA,Adventureland,3,"Comedy, Drama, Romance"
2009,Spain,Agora,1,"Adventure, Drama, History"
2009,"Germany, Israel",Ajami,2,"Crime, Drama"
2009,USA,All About Steve,3,Comedy
2009,"UK, USA",An Education,3,Drama
2009,"USA, Italy",Angels &amp; Demons,0,"Mystery, Thriller"
2009,USA,Armored,0,"Action, Crime, Thriller"
2009,"Hong Kong, USA, Japan",Astro Boy,3,"Animation, Action, Family"
2009,"USA, UK",Avatar,3,"Action, Adventure, Fantasy"
2009,"USA, UK",Away We Go,3,"Comedy, Drama, Romance"
2009,USA,Br&uuml;no,0,Comedy
2009,USA,Bride Wars,3,"Comedy, Romance"
2009,"UK, Australia, France",Bright Star,3,"Biography, Drama, Romance"
2009,USA,Brooklyn&#39;s Finest,1,"Crime, Drama, Thriller"
2009,USA,Brothers,3,"Drama, Thriller, War"
2009,USA,Capitalism: A Love Story,1,Documentary
2009,"USA, Canada",Case 39,3,"Horror, Mystery, Thriller"
2009,"USA, Canada, France",Chloe,3,"Drama, Mystery, Thriller"
2009,USA,Cloudy with a Chance of Meatballs,1,"Animation, Comedy, Family"
2009,"France, Belgium",Coco avant Chanel,3,"Biography, Drama"
2009,USA,Coraline,3,"Animation, Fantasy, Thriller"
2009,"Australia, USA",Daybreakers,1,"Action, Drama, Horror"
2009,Norway,Dead Snow,2,"Comedy, Horror"
2009,"USA, New Zealand, Canada, South Africa",District 9,1,"Action, Sci-Fi, Thriller"
2009,USA,Drag Me to Hell,3,"Horror, Thriller"
2009,"France, Germany, Italy, Canada",Enter the Void,1,"Drama, Fantasy"
2009,USA,Everybody&#39;s Fine,2,"Adventure, Drama"
2009,USA,Fantastic Mr. Fox,1,"Animation, Adventure, Comedy"
2009,USA,Fast &amp; Furious,1,"Action, Crime, Drama"
2009,USA,Fired Up!,1,Comedy
2009,"UK, Netherlands",Fish Tank,3,Drama
2009,USA,Friday the 13th,2,Horror
2009,USA,Funny People,1,"Comedy, Drama"
2009,USA,G-Force,1,"Action, Adventure, Comedy"
2009,"USA, Czech Republic",G.I. Joe: The Rise of Cobra,1,"Action, Adventure, Sci-Fi"
2009,USA,Gamer,1,"Action, Sci-Fi, Thriller"
2009,"USA, Germany, Poland",Get Low,1,"Drama, Mystery"
2009,UK,Harry Brown,1,"Action, Crime, Drama"
2009,"UK, USA",Harry Potter and the Half-Blood Prince,3,"Adventure, Family, Fantasy"
2009,"USA, Germany, Netherlands",He&#39;s Just Not That Into You,3,"Comedy, Drama, Romance"
2009,"France, Hong Kong, Ireland, Spain, UK",I Come with the Rain,0,Thriller
2009,"France, USA",I Love You Phillip Morris,1,"Biography, Comedy, Drama"
2009,USA,"I Love You, Man",2,Comedy
2009,USA,Ice Age: Dawn of the Dinosaurs,1,"Animation, Action, Adventure"
2009,"USA, Germany",Inglourious Basterds,3,"Adventure, Drama, War"
2009,USA,Invictus,1,"Biography, Drama, History"
2009,USA,It&#39;s Complicated,3,"Comedy, Romance"
2009,USA,Jennifer&#39;s Body,3,"Comedy, Horror"
2009,USA,Julie &amp; Julia,3,"Biography, Drama, Romance"
2009,"USA, UK, Australia",Knowing,1,"Action, Drama, Mystery"
2009,USA,Law Abiding Citizen,3,"Crime, Drama, Thriller"
2009,USA,Life During Wartime,3,"Comedy, Drama"
2009,France,Micmacs (Micmacs &agrave; tire-larigot),3,"Action, Comedy, Crime"
2009,USA,Monsters vs Aliens,3,"Animation, Action, Adventure"
2009,UK,Moon,1,"Drama, Sci-Fi"
2009,"USA, Spain",Mother and Child,3,"Drama, Romance"
2009,USA,My Bloody Valentine 3D,2,"Horror, Thriller"
2009,USA,My Sister&#39;s Keeper,3,Drama
2009,"USA, Italy",Nine,2,"Drama, Musical, Romance"
2009,"USA, Germany",Ninja Assassin,1,"Action, Crime, Thriller"
2009,"UK, Canada",Nowhere Boy,3,"Biography, Drama, Music"
2009,"Ireland, USA",Ondine,3,"Drama, Romance"
2009,India,Paa,2,"Comedy, Drama"
2009,"Germany, UK",Pandorum,1,"Action, Horror, Mystery"
2009,"Ireland, UK",Perrier&#39;s Bounty,0,"Action, Comedy, Crime"
2009,"Spain, UK, USA",Planet 51,1,"Animation, Adventure, Comedy"
2009,USA,Precious: Based on the Novel Push by Sapphire,3,Drama
2009,USA,Public Enemies,1,"Biography, Crime, Drama"
2009,"USA, Canada",Push,3,"Action, Sci-Fi, Thriller"
2009,"USA, Germany",Sherlock Holmes,1,"Action, Adventure, Crime"
2009,"Canada, France, USA",Splice,3,"Horror, Sci-Fi"
2009,"USA, Germany",Star Trek,3,"Action, Adventure, Sci-Fi"
2009,"USA, UK, France",State of Play,3,"Drama, Mystery"
2009,USA,Surrogates,1,"Action, Sci-Fi, Thriller"
2009,"USA, Germany, UK, Italy",Terminator Salvation,2,"Action, Drama, Sci-Fi"
2009,USA,"Blind Side, The",2,"Biography, Drama, Sport"
2009,"UK, Germany, France","Boat That Rocked, The",3,"Comedy, Drama, Music"
2009,USA,"Boondock Saints II: All Saints Day, The",0,"Action, Comedy, Crime"
2009,USA,"Box, The",3,"Drama, Mystery, Sci-Fi"
2009,USA,"City of Your Final Destination, The",3,Drama
2009,USA,"Final Destination, The",3,"Horror, Thriller"
2009,"USA, UK","Fourth Kind, The",3,"Mystery, Sci-Fi, Thriller"
2009,"Sweden, Denmark, Germany, Norway","Girl with the Dragon Tattoo, The",3,"Crime, Mystery, Thriller"
2009,USA,"Girlfriend Experience, The",3,Drama
2009,USA,"Good Guy, The",3,"Comedy, Romance"
2009,"USA, Germany","Hangover, The",1,Comedy
2009,"UK, Canada, France","Imaginarium of Doctor Parnassus, The",1,"Adventure, Fantasy, Mystery"
2009,USA,"Informant!, The",1,"Comedy, Crime, Drama"
2009,USA,"Invention of Lying, The",2,"Comedy, Fantasy, Romance"
2009,"Germany, Russia, UK","Last Station, The",3,"Biography, Drama, Romance"
2009,"USA, UK, New Zealand","Lovely Bones, The",3,"Drama, Fantasy"
2009,"USA, UK","Men Who Stare at Goats, The",0,"Comedy, War"
2009,USA,"Messenger, The",1,"Drama, Romance, War"
2009,USA,"Princess and the Frog, The",3,"Animation, Family, Fantasy"
2009,USA,"Proposal, The",2,"Comedy, Drama, Romance"
2009,USA,"Road, The",1,"Adventure, Drama"
2009,"France, Belgium, Ireland","Secret of Kells, The",0,"Animation, Adventure, Family"
2009,"UK, USA, France","Soloist, The",1,"Biography, Drama, Music"
2009,"USA, UK","Taking of Pelham 123, The",0,"Action, Crime, Thriller"
2009,USA,"Time Traveler&#39;s Wife, The",3,"Drama, Fantasy, Romance"
2009,USA,"Ugly Truth, The",2,"Comedy, Romance"
2009,USA,"Unborn, The",3,"Horror, Mystery, Thriller"
2009,"UK, USA","Young Victoria, The",3,"Biography, Drama, History"
2009,USA,Transformers: Revenge of the Fallen,3,"Action, Adventure, Sci-Fi"
2009,USA,Up,1,"Animation, Adventure, Drama"
2009,USA,Up in the Air,2,"Drama, Romance"
2009,USA,Veronika Decides to Die,3,"Drama, Romance"
2009,USA,Watchmen,3,"Action, Drama, Mystery"
2009,"USA, France",Whatever Works,3,"Comedy, Romance"
2009,"USA, Australia, Germany",Where the Wild Things Are,1,"Adventure, Drama, Family"
2009,USA,Whip It,3,"Drama, Sport"
2009,"USA, Canada, France, Turkey",Whiteout,3,"Action, Crime, Mystery"
2009,USA,X-Men Origins: Wolverine,3,"Action, Adventure, Sci-Fi"
2009,USA,Yesterday Was a Lie,3,"Drama, Music, Mystery"
2009,USA,Youth in Revolt,1,"Comedy, Drama, Romance"
2009,USA,Zombieland,3,"Comedy, Horror"
2008,USA,21,3,"Crime, Drama, Thriller"
2008,USA,Appaloosa,1,"Crime, Drama, Western"
2008,"Australia, USA, UK",Australia,2,"Adventure, Drama, History"
2008,USA,Baby Mama,3,"Comedy, Romance"
2008,"UK, USA",Be Kind Rewind,1,"Comedy, Drama"
2008,USA,Bedtime Stories,3,"Comedy, Family, Fantasy"
2008,"Canada, Brazil, Japan",Blindness,3,"Drama, Mystery, Sci-Fi"
2008,USA,Bolt,3,"Animation, Adventure, Comedy"
2008,"USA, UK, France",Burn After Reading,1,"Comedy, Crime, Drama"
2008,USA,Changeling,3,"Drama, History, Mystery"
2008,"France, Spain, USA",Che: Part One,1,"Biography, Drama, History"
2008,USA,City of Ember,3,"Adventure, Family, Fantasy"
2008,USA,Cloverfield,3,"Action, Sci-Fi, Thriller"
2008,USA,Day of the Dead,3,"Action, Horror, Thriller"
2008,"USA, Germany, UK",Death Race,1,"Action, Sci-Fi, Thriller"
2008,USA,Defiance,3,"Action, Drama, History"
2008,"UK, USA, France","Definitely, Maybe",3,"Comedy, Drama, Romance"
2008,"UK, USA, South Africa, Germany",Doomsday,3,"Action, Sci-Fi"
2008,USA,Doubt,3,"Drama, Mystery"
2008,"USA, Germany",Eagle Eye,1,"Action, Mystery, Thriller"
2008,"UK, Canada",Easy Virtue,3,"Comedy, Romance"
2008,USA,Fireproof,2,"Drama, Romance"
2008,"Belgium, USA",Fly Me to the Moon,0,"Animation, Adventure, Family"
2008,USA,Forgetting Sarah Marshall,3,"Comedy, Drama, Romance"
2008,"USA, Germany",Four Christmases,3,"Comedy, Drama, Romance"
2008,"USA, UK, France",Frost/Nixon,1,"Drama, History"
2008,USA,Frozen River,3,"Crime, Drama"
2008,Japan,Gake no ue no Ponyo,3,"Animation, Adventure, Family"
2008,USA,Ghost Town,1,"Comedy, Fantasy, Romance"
2008,"USA, Germany",Gran Torino,2,Drama
2008,USA,Hamlet 2,3,"Comedy, Music"
2008,USA,Hancock,0,"Action, Fantasy"
2008,USA,Herb &amp; Dorothy,3,"Documentary, Biography"
2008,USA,High School Musical 3: Senior Year,3,"Comedy, Drama, Family"
2008,"USA, France",Igor,2,"Animation, Comedy, Family"
2008,"UK, USA",In Bruges,1,"Comedy, Crime, Drama"
2008,USA,Indiana Jones and the Kingdom of the Crystal Skull,1,"Action, Adventure"
2008,"Germany, UK, USA",Inkheart,3,"Adventure, Family, Fantasy"
2008,USA,Iron Man,2,"Action, Adventure, Sci-Fi"
2008,USA,Journey to the Center of the Earth,1,"Action, Adventure, Family"
2008,"USA, Canada",Jumper,1,"Action, Adventure, Sci-Fi"
2008,USA,Kung Fu Panda,3,"Animation, Action, Adventure"
2008,Sweden,L&aring;t den r&auml;tte komma in (Let the Right One In),1,"Drama, Horror"
2008,"USA, UK",Made of Honor,2,"Comedy, Romance"
2008,"Canada, USA",Max Payne,3,"Action, Crime, Drama"
2008,USA,Meet Dave,1,"Adventure, Comedy, Family"
2008,USA,Milk,1,"Biography, Drama, History"
2008,"USA, Italy",Miracle at St. Anna,2,"Action, Crime, Drama"
2008,USA,Nick and Norah&#39;s Infinite Playlist,3,"Comedy, Drama, Music"
2008,USA,Nim&#39;s Island,3,"Adventure, Comedy, Family"
2008,USA,Pineapple Express,2,"Action, Comedy, Crime"
2008,Canada,Pontypool,0,"Horror, Thriller"
2008,USA,Possession,3,"Drama, Mystery, Romance"
2008,"USA, Canada",Prom Night,3,"Horror, Mystery, Thriller"
2008,"UK, USA",Quantum of Solace,1,"Action, Adventure, Crime"
2008,USA,Quarantine,3,"Horror, Thriller"
2008,USA,Rachel Getting Married,3,"Drama, Romance"
2008,"USA, UK",Revolutionary Road,3,"Drama, Romance"
2008,"UK, USA",RocknRolla,1,"Action, Crime, Thriller"
2008,USA,Seven Pounds,3,Drama
2008,USA,Sex and the City,3,"Comedy, Drama, Romance"
2008,UK,Slumdog Millionaire,1,"Drama, Romance, Thriller"
2008,"USA, Australia, Germany",Speed Racer,3,"Action, Family, Sport"
2008,"USA, Canada",Stargate: The Ark of Truth,3,"Adventure, Fantasy, Sci-Fi"
2008,USA,Step Brothers,1,Comedy
2008,USA,Sunshine Cleaning,3,"Comedy, Drama"
2008,USA,"Synecdoche, New York",3,Drama
2008,"France, USA, UK",Taken,3,"Action, Crime, Thriller"
2008,"UK, USA, Australia","Bank Job, The",3,"Crime, Drama, Thriller"
2008,USA,"Brothers Bloom, The",3,"Adventure, Comedy, Drama"
2008,"USA, Poland, Slovenia, Czech Republic","Chronicles of Narnia: Prince Caspian, The",3,"Action, Adventure, Family"
2008,USA,"Curious Case of Benjamin Button, The",3,"Drama, Fantasy, Romance"
2008,"USA, UK","Dark Knight, The",3,"Action, Crime, Drama"
2008,"USA, Canada","Day the Earth Stood Still, The",3,"Drama, Sci-Fi, Thriller"
2008,"USA, Canada","Eye, The",3,"Drama, Horror, Thriller"
2008,"USA, China","Forbidden Kingdom, The",1,"Action, Adventure, Fantasy"
2008,USA,"House Bunny, The",3,"Comedy, Romance"
2008,USA,"Hurt Locker, The",1,"Drama, Thriller, War"
2008,USA,"Incredible Hulk, The",1,"Action, Sci-Fi, Thriller"
2008,USA,"Lucky Ones, The",3,"Comedy, Drama, War"
2008,"UK, USA","Other Boleyn Girl, The",3,"Biography, Drama, History"
2008,"USA, Germany","Reader, The",1,"Drama, Romance"
2008,USA,"Secret Life of Bees, The",3,Drama
2008,"USA, Greece","Sisterhood of the Traveling Pants 2, The",3,"Comedy, Drama, Romance"
2008,USA,"Strangers, The",3,"Horror, Mystery, Thriller"
2008,,"Tale of Despereaux, The",3,
2008,USA,"Women, The",3,"Comedy, Drama"
2008,"USA, France","Wrestler, The",1,"Drama, Sport"
2008,"China, South Korea, Hong Kong",Three Kingdoms: Resurrection of the Dragon,1,"Action, Drama, History"
2008,"Spain, Germany, UK, Lithuania",Transsiberian,3,"Crime, Drama, Mystery"
2008,"USA, UK, Germany",Tropic Thunder,0,"Action, Comedy"
2008,USA,Twilight,3,"Drama, Fantasy, Romance"
2008,"USA, Germany",Valkyrie,1,"Drama, History, Thriller"
2008,"Spain, USA",Vicky Cristina Barcelona,3,"Drama, Romance"
2008,USA,WALL-E,1,"Animation, Adventure, Family"
2008,"Israel, France, Germany, USA, Finland, Switzerland, Belgium, Australia",Waltz with Bashir,0,"Documentary, Animation, Biography"
2008,"USA, Germany",Wanted,1,"Action, Crime, Thriller"
2008,USA,"Welcome Home, Roscoe Jenkins",3,"Comedy, Romance"
2008,USA,Wendy and Lucy,3,Drama
2008,USA,What Happens In Vegas,3,"Comedy, Romance"
2008,"USA, Australia",Yes Man,1,"Comedy, Romance"
2007,Spain,[Rec],3,"Horror, Mystery"
2007,USA,1408,3,"Horror, Mystery"
2007,"UK, Spain",28 Weeks Later,3,"Horror, Sci-Fi, Thriller"
2007,USA,3:10 to Yuma,0,"Adventure, Crime, Drama"
2007,"USA, New Zealand",30 Days of Night,2,"Horror, Thriller"
2007,"USA, Germany, Canada",88 Minutes,1,"Drama, Mystery, Thriller"
2007,"USA, UK",Across the Universe,3,"Drama, Fantasy, Musical"
2007,"UK, France, USA",Atonement,3,"Drama, Mystery, Romance"
2007,"UK, Ireland",Becoming Jane,3,"Biography, Drama, Romance"
2007,USA,Beowulf,3,"Animation, Action, Adventure"
2007,USA,Blades of Glory,3,"Comedy, Sport"
2007,USA,Bridge to Terabithia,3,"Adventure, Drama, Family"
2007,USA,Brooklyn Rules,3,"Crime, Drama"
2007,USA,Charlie Bartlett,2,"Comedy, Drama, Romance"
2007,"USA, Germany",Charlie Wilson&#39;s War,3,"Biography, Comedy, Drama"
2007,"USA, Germany, UK, Netherlands",Death at a Funeral,3,Comedy
2007,USA,Diary of the Dead,3,Horror
2007,USA,Disturbia,3,"Drama, Mystery, Thriller"
2007,"USA, UK, Canada",Eastern Promises,3,"Crime, Mystery, Thriller"
2007,USA,Enchanted,3,"Comedy, Family, Fantasy"
2007,"USA, Germany, UK",Fantastic Four: Rise of the Silver Surfer,3,"Action, Fantasy, Sci-Fi"
2007,USA,Gone Baby Gone,3,"Crime, Drama, Mystery"
2007,"USA, UK",Hairspray,3,"Comedy, Musical, Romance"
2007,USA,Halloween,3,Horror
2007,"UK, Czech Republic, France, Italy",Hannibal Rising,1,"Crime, Drama, Thriller"
2007,"UK, USA",Harry Potter and the Order of the Phoenix,3,"Adventure, Family, Fantasy"
2007,"France, USA",Hitman,0,"Action, Crime, Drama"
2007,USA,Hostel: Part II,3,Horror
2007,"UK, France, USA",Hot Fuzz,1,"Action, Comedy"
2007,USA,Hot Rod,1,Comedy
2007,USA,I Am Legend,3,"Drama, Sci-Fi, Thriller"
2007,USA,Into the Wild,1,"Adventure, Biography, Drama"
2007,USA,Juno,3,"Comedy, Drama, Romance"
2007,USA,Knocked Up,3,"Comedy, Drama, Romance"
2007,"USA, Canada",Lars and the real Girl,3,"Comedy, Drama"
2007,"USA, UK",Live Free or Die Hard,1,"Action, Crime, Thriller"
2007,USA,Michael Clayton,2,"Crime, Drama, Mystery"
2007,USA,Music and Lyrics,3,"Comedy, Music, Romance"
2007,USA,No Country for Old Men,3,"Crime, Drama, Thriller"
2007,"USA, Australia",No Reservations,3,"Comedy, Drama, Romance"
2007,USA,Paranormal Activity,3,"Horror, Mystery"
2007,"France, USA",Persepolis,3,"Animation, Biography, Drama"
2007,USA,Pirates of the Caribbean: At World&#39;s End,3,"Action, Adventure, Fantasy"
2007,USA,Premonition,3,"Drama, Fantasy, Mystery"
2007,USA,Ratatouille,1,"Animation, Comedy, Family"
2007,"France, Australia, Germany, UK, USA",Resident Evil: Extinction,3,"Action, Horror, Sci-Fi"
2007,,Rush Hour 3,1,
2007,USA,Shooter,1,"Action, Crime, Drama"
2007,USA,Shrek the Third,3,"Animation, Adventure, Comedy"
2007,UK,St. Trinian&#39;s,3,Comedy
2007,"UK, USA, Iceland",Stardust,3,"Adventure, Family, Fantasy"
2007,"UK, USA",Sunshine,1,"Adventure, Sci-Fi, Thriller"
2007,USA,Superbad,3,Comedy
2007,USA,Sydney White,3,"Comedy, Romance"
2007,USA,Teeth,3,"Comedy, Horror, Thriller"
2007,USA,"Bucket List, The",1,"Adventure, Comedy, Drama"
2007,"USA, UK","Golden Compass, The",3,"Adventure, Family, Fantasy"
2007,"USA, China","Kite Runner, The",0,Drama
2007,USA,"Man from Earth, The",1,"Drama, Sci-Fi"
2007,USA,"Messengers, The",3,"Drama, Horror, Thriller"
2007,USA,"Mist, The",3,"Horror, Sci-Fi, Thriller"
2007,"USA, Germany","Number 23, The",1,"Mystery, Thriller"
2007,USA,"Savages, The",3,"Comedy, Drama"
2007,USA,"Signal, The",2,"Horror, Sci-Fi, Thriller"
2007,USA,"Simpsons Movie, The",3,"Animation, Adventure, Comedy"
2007,USA,"Visitor, The",3,"Crime, Drama, Music"
2007,USA,There Will Be Blood,0,Drama
2007,"Hong Kong, USA",TMNT,1,"Animation, Action, Adventure"
2007,USA,Transformers,3,"Action, Adventure, Sci-Fi"
2007,Brazil,Tropa de Elite,3,"Action, Crime, Drama"
2007,USA,Waitress,3,"Comedy, Drama, Romance"
2007,USA,We Own the Night,0,"Crime, Drama, Thriller"
2007,"USA, Canada",White Noise 2: The Light,1,"Drama, Horror, Thriller"
2006,USA,300,0,"Action, Fantasy, History"
2006,USA,A Scanner Darkly,1,"Animation, Drama, Sci-Fi"
2006,USA,Akeelah and the Bee,3,Drama
2006,"USA, Australia",Aquamarine,3,"Comedy, Family, Fantasy"
2006,"France, Mexico, USA",Bandidas,3,"Action, Comedy, Crime"
2006,"USA, Canada",Black Christmas,3,"Horror, Thriller"
2006,"USA, Germany",Blood Diamond,1,"Adventure, Drama, Thriller"
2006,Canada,"Bon Cop, Bad Cop",1,"Action, Comedy, Crime"
2006,USA,Borat: Cultural Learnings of America for Make Benefit Glorious Nation of Kazakhstan,1,Comedy
2006,"USA, Germany",Bug,3,"Drama, Horror, Thriller"
2006,USA,Cars,1,"Animation, Adventure, Comedy"
2006,"UK, Czech Republic, USA, Germany, Bahamas",Casino Royale,1,"Action, Crime, Thriller"
2006,"USA, UK",Children of Men,3,"Drama, Sci-Fi, Thriller"
2006,USA,Clerks II,3,Comedy
2006,USA,Crank,0,"Action, Crime, Thriller"
2006,Germany,Das Leben Der Anderen,0,"Drama, Thriller"
2006,"USA, Germany, UK",DOA: Dead or Alive,3,"Action, Adventure"
2006,"Spain, Mexico, USA",El laberinto del fauno (Pan's Labyrinth),3,"Drama, Fantasy, War"
2006,"USA, UK, Hungary",Eragon,1,"Action, Adventure, Family"
2006,Canada,Fido,2,"Comedy, Drama, Horror"
2006,"Germany, USA, Canada",Final Destination 3,3,"Horror, Thriller"
2006,"UK, USA",Flushed Away,0,"Animation, Adventure, Comedy"
2006,USA,For Your Consideration,3,Comedy
2006,USA,Friends with Money,3,"Comedy, Drama, Romance"
2006,USA,Ice Age: The Meltdown,1,"Animation, Action, Adventure"
2006,USA,Idlewild,3,"Crime, Drama, Musical"
2006,USA,Inside Man,3,"Crime, Drama, Thriller"
2006,USA,Jackass Number Two,1,"Documentary, Action, Comedy"
2006,USA,Lady in the Water,2,"Fantasy, Mystery, Thriller"
2006,USA,Last Holiday,3,"Adventure, Comedy, Drama"
2006,USA,Letters from Iwo Jima,1,"Drama, History, War"
2006,USA,Little Children,3,Drama
2006,USA,Little Miss Sunshine,3,"Adventure, Comedy, Drama"
2006,UK,London To Brighton,3,"Crime, Drama, Thriller"
2006,"Germany, USA",Lucky Number Slevin,1,"Crime, Drama, Mystery"
2006,USA,Man of the Year,1,"Comedy, Drama, Romance"
2006,"USA, France, Japan",Marie Antoinette,3,"Biography, Drama, History"
2006,"UK, USA, Isle Of Man",Miss Potter,3,"Biography, Drama"
2006,USA,Monster House,3,"Animation, Comedy, Family"
2006,"Germany, USA",Nacho Libre,0,"Comedy, Family, Sport"
2006,"USA, UK",Night at the Museum,3,"Action, Adventure, Comedy"
2006,UK,Notes on a Scandal,3,"Drama, Thriller"
2006,Ireland,Once,2,"Drama, Music, Romance"
2006,USA,Open Season,1,"Animation, Adventure, Comedy"
2006,"France, Liechtenstein, Switzerland, Germany",Paris je t&#39;aime,3,"Comedy, Drama, Romance"
2006,"Germany, France, Spain, USA",Perfume: The Story of a Murderer,3,"Crime, Drama, Fantasy"
2006,USA,Pirates of the Caribbean: Dead Man&#39;s Chest,2,"Action, Adventure, Fantasy"
2006,USA,Poseidon,2,"Action, Adventure, Drama"
2006,USA,Quinceanera,3,Drama
2006,India,Rang De Basanti,3,"Drama, History"
2006,USA,Running with Scissors,3,"Comedy, Drama"
2006,"USA, Canada",She&#39;s the Man,3,"Comedy, Romance"
2006,USA,Sherrybaby,3,Drama
2006,USA,Shortbus,3,"Comedy, Drama, Romance"
2006,"Canada, France, Japan, USA",Silent Hill,3,"Horror, Mystery"
2006,"Canada, USA",Slither,3,"Comedy, Horror, Sci-Fi"
2006,"UK, France, USA",Smokin&#39; Aces,3,"Action, Crime, Drama"
2006,"Germany, USA, Canada",Snakes on a Plane,3,"Action, Thriller"
2006,"France, Germany, USA",Southland Tales,3,"Comedy, Drama, Sci-Fi"
2006,"Germany, USA",Stick It,3,"Comedy, Drama, Sport"
2006,USA,Stranger Than Fiction,3,"Comedy, Drama, Fantasy"
2006,USA,Superman Returns,1,"Action, Adventure, Fantasy"
2006,USA,Take the Lead,3,"Drama, Music"
2006,USA,"Ant Bully, The",2,"Animation, Adventure, Comedy"
2006,USA,"Break Up, The",1,"Comedy, Drama, Romance"
2006,"USA, Malta, France, UK","Da Vinci Code, The",1,"Mystery, Thriller"
2006,USA,"Dead Girl, The",3,"Drama, Mystery, Thriller"
2006,"USA, Hong Kong","Departed, The",1,"Crime, Drama, Thriller"
2006,USA,"Devil Wears Prada, The",3,"Comedy, Drama, Romance"
2006,"USA, Canada","Fountain, The",3,"Drama, Romance, Sci-Fi"
2006,"USA, Japan","Grudge 2, The",3,"Horror, Thriller"
2006,UK,"History Boys, The",1,"Comedy, Drama"
2006,USA,"Holiday, The",3,"Comedy, Romance"
2006,South Korea,"Host, The",3,"Action, Horror, Sci-Fi"
2006,"USA, Czech Republic","Illusionist, The",0,"Drama, Mystery, Romance"
2006,"USA, Australia","Lake House, The",3,"Drama, Fantasy, Romance"
2006,"China, USA, Canada","Painted Veil, The",3,"Drama, Romance"
2006,"USA, UK","Prestige, The",1,"Drama, Mystery, Thriller"
2006,USA,"Pursuit of Happyness, The",0,"Biography, Drama"
2006,"UK, USA, France, Italy","Queen, The",3,"Biography, Drama"
2006,"Ireland, UK, Germany, Italy, Spain, France, Belgium, Switzerland","Wind That Shakes the Barley, The",1,"Drama, History, War"
2006,USA,Ultraviolet,1,"Action, Sci-Fi"
2006,Spain,Volver,3,"Comedy, Crime, Drama"
2006,USA,We Are Marshall,1,"Drama, Sport"
2006,USA,When a Stranger Calls,3,"Horror, Thriller"
2006,"USA, UK",Wristcutters: A Love Story,1,"Comedy, Drama, Fantasy"
2006,"Canada, USA, UK",X-Men: The Last Stand,3,"Action, Adventure, Sci-Fi"
2006,USA,"You, Me and Dupree",1,"Comedy, Romance"
2006,USA,Zoom,3,"Action, Adventure, Family"
2006,"Netherlands, Germany, UK, Belgium",Zwartboek,3,"Drama, Thriller, War"
2005,USA,AEon Flux,3,"Action, Sci-Fi"
2005,"USA, France",Assault on Precinct 13,3,"Action, Drama, Crime"
2005,"USA, UK",Batman Begins,1,"Action, Adventure, Crime"
2005,USA,Beauty Shop,3,Comedy
2005,USA,Bewitched,3,"Comedy, Fantasy, Romance"
2005,"USA, Germany",BloodRayne,3,"Action, Adventure, Fantasy"
2005,"USA, New Zealand, Germany",Boogeyman,2,"Drama, Horror, Mystery"
2005,USA,Boynton Beach Club,3,"Comedy, Romance"
2005,USA,Brick,1,"Drama, Mystery"
2005,"USA, Canada",Brokeback Mountain,2,"Drama, Romance"
2005,"USA, Canada",Capote,3,"Biography, Crime, Drama"
2005,"USA, UK",Charlie and the Chocolate Factory,3,"Adventure, Comedy, Family"
2005,South Korea,Chinjeolhan geumjassi,3,"Crime, Drama, Thriller"
2005,USA,Cinderella Man,2,"Biography, Drama, History"
2005,"USA, Germany",Coach Carter,3,"Drama, Sport"
2005,"USA, Germany",Constantine,1,"Fantasy, Horror"
2005,"UK, USA",Conversations with Other Women,0,"Comedy, Drama, Romance"
2005,"UK, USA",Corpse Bride,3,"Animation, Fantasy, Musical"
2005,"USA, Germany",Cursed,3,"Comedy, Horror, Thriller"
2005,"France, USA, UK",Danny the dog,1,"Action, Crime, Drama"
2005,USA,Dark Water,3,"Drama, Horror, Thriller"
2005,"Italy, USA, Netherlands, Spain, Denmark, France, Germany, UK",Dear Wendy,1,"Comedy, Crime, Drama"
2005,"France, USA, UK",Domino,3,"Action, Biography, Crime"
2005,"UK, Czech Republic, Germany, USA",Doom,1,"Action, Adventure, Horror"
2005,"USA, Germany",Fantastic Four,1,"Action, Adventure, Fantasy"
2005,USA,Flightplan,3,"Action, Drama, Mystery"
2005,USA,Fun with Dick and Jane,3,"Comedy, Crime"
2005,"USA, France, UK, Japan","Good Night, and Good Luck.",1,"Drama, History"
2005,USA,Hard Candy,3,"Drama, Thriller"
2005,"UK, USA",Harry Potter and the Goblet of Fire,1,"Adventure, Family, Fantasy"
2005,USA,Herbie Fully Loaded,3,"Adventure, Comedy, Family"
2005,"USA, Germany",Hide and Seek,3,"Horror, Mystery, Thriller"
2005,USA,Hitch,2,"Comedy, Romance"
2005,USA,Hoodwinked!,3,"Animation, Comedy, Family"
2005,USA,Hostel,1,Horror
2005,USA,Hustle &amp; Flow,3,"Crime, Drama, Music"
2005,"USA, Canada",Ice Princess,3,"Comedy, Drama, Family"
2005,"Germany, USA",Jarhead,0,"Biography, Drama, War"
2005,USA,Junebug,3,"Comedy, Drama"
2005,USA,Just Like Heaven,3,"Comedy, Fantasy, Romance"
2005,"New Zealand, USA, Germany",King Kong,0,"Action, Adventure, Drama"
2005,"USA, UK, Spain, Germany, Morocco",Kingdom of Heaven,0,"Action, Adventure, Drama"
2005,USA,Kiss Kiss Bang Bang,1,"Action, Comedy, Crime"
2005,"France, USA, Germany",Lord of War,2,"Crime, Drama, Thriller"
2005,USA,Madagascar,0,"Animation, Adventure, Comedy"
2005,USA,Man of the House,3,"Action, Comedy"
2005,"UK, Russia, Ireland, Luxembourg, USA",Match Point,3,"Drama, Romance"
2005,"USA, UK",Me and You and Everyone We Know,3,"Comedy, Drama"
2005,USA,Memoirs of a Geisha,3,"Drama, Romance"
2005,"UK, USA",MirrorMask,3,"Adventure, Drama, Family"
2005,"USA, Australia",Miss Congeniality 2: Armed &amp; Fabulous,3,"Action, Comedy, Crime"
2005,USA,Mr. &amp; Mrs. Smith,2,"Action, Comedy, Crime"
2005,"USA, Canada, France",Munich,1,"Drama, History, Thriller"
2005,USA,North Country,3,Drama
2005,"UK, Czech Republic, France, Italy",Oliver Twist,1,"Crime, Drama"
2005,"France, UK, USA",Pride and Prejudice,3,"Drama, Romance"
2005,USA,Proof,3,"Drama, Mystery"
2005,USA,Red Eye,3,"Action, Thriller"
2005,USA,Rent,3,"Drama, Musical, Romance"
2005,USA,Robots,1,"Animation, Adventure, Comedy"
2005,"USA, Canada",Saw II,3,Horror
2005,USA,Serenity,3,"Action, Adventure, Sci-Fi"
2005,USA,Shopgirl,2,"Drama, Romance"
2005,USA,Sin City,3,"Crime, Thriller"
2005,"Cameroon, UK",Sisters in Law,3,Documentary
2005,USA,Sky High,3,"Adventure, Comedy, Family"
2005,"USA, Germany",Son of the Mask,1,"Adventure, Comedy, Family"
2005,USA,Star Wars: Episode III - Revenge of the Sith,1,"Action, Adventure, Fantasy"
2005,USA,Stealth,1,"Action, Adventure, Sci-Fi"
2005,USA,Strangers with Candy,3,Comedy
2005,USA,Thank You for Smoking,1,"Comedy, Drama"
2005,USA,"40 Year Old Virgin, The",3,"Comedy, Romance"
2005,USA,"Adventures of Sharkboy and Lavagirl 3-D, The",1,"Action, Adventure, Family"
2005,USA,"Amityville Horror, The",3,"Drama, Horror, Mystery"
2005,USA,"Ballad of Jack and Rose, The",3,Drama
2005,"USA, UK","Chronicles of Narnia: The Lion, the Witch and the Wardrobe, The",3,"Adventure, Family, Fantasy"
2005,"UK, Germany, USA, China","Constant Gardener, The",3,"Drama, Mystery, Thriller"
2005,UK,"Descent, The",3,"Adventure, Horror"
2005,"USA, Germany","Devil&#39;s Rejects, The",3,Horror
2005,USA,"Exorcism of Emily Rose, The",3,"Crime, Drama, Horror"
2005,USA,"Fog, The",3,Horror
2005,"USA, UK","Hitchhiker&#39;s Guide to the Galaxy, The",1,"Adventure, Comedy, Sci-Fi"
2005,USA,"Island, The",3,"Action, Adventure, Sci-Fi"
2005,"USA, Germany","Jacket, The",2,"Drama, Mystery, Sci-Fi"
2005,USA,"Legend of Zorro, The",1,"Action, Adventure, Western"
2005,"USA, UK","New World, The",3,"Biography, Drama, History"
2005,USA,"Ring Two, The",3,"Horror, Mystery, Thriller"
2005,"USA, Germany","Skeleton Key, The",3,"Drama, Mystery, Thriller"
2005,USA,"Squid and the Whale, The",2,"Comedy, Drama"
2005,USA,"Wedding Date, The",3,"Comedy, Romance"
2005,USA,Transamerica,3,"Adventure, Comedy, Drama"
2005,UK,Tristram Shandy: A Cock and Bull Story,2,"Comedy, Drama"
2005,"USA, UK, Germany",V for Vendetta,3,"Action, Sci-Fi, Thriller"
2005,USA,Waiting...,3,Comedy
2005,"USA, Germany",Walk the Line,3,"Biography, Drama, Music"
2005,USA,War of the Worlds,3,"Adventure, Sci-Fi, Thriller"
2005,"Canada, India",Water,3,"Drama, Romance"
2005,"UK, Canada, USA",White Noise,1,"Drama, Horror, Mystery"
2005,USA,"Yours, Mine and Ours",3,"Comedy, Family, Romance"
2005,USA,Zathura: A Space Adventure,0,"Action, Adventure, Comedy"
2004,USA,13 Going on 30,3,"Comedy, Fantasy, Romance"
2004,"Hong Kong, China, France, Italy, Germany",2046,3,"Drama, Fantasy, Romance"
2004,USA,50 First Dates,2,"Comedy, Romance"
2004,"USA, Canada",A Cinderella Story,3,"Comedy, Family, Romance"
2004,"USA, Canada",A Home at the End of The World,3,"Drama, Romance"
2004,"France, USA",A Very Long Engagement,3,"Drama, Mystery, Romance"
2004,USA,Anchorman: The Legend of Ron Burgundy,3,Comedy
2004,"USA, Germany, Ireland, UK",Around the World in 80 Days,1,"Action, Adventure, Comedy"
2004,"USA, UK, Czech Republic, Canada, Germany",AVP: Alien vs. Predator,3,"Action, Adventure, Sci-Fi"
2004,France,Banlieue 13,0,"Action, Sci-Fi, Thriller"
2004,USA,Before Sunset,0,"Drama, Romance"
2004,"UK, France, Germany, Ireland, USA",Bridget Jones: The Edge of Reason,3,"Comedy, Romance"
2004,USA,Catwoman,3,"Action, Fantasy"
2004,"USA, Germany",Cellular,3,"Action, Crime, Drama"
2004,"USA, UK",Closer,3,"Drama, Romance"
2004,USA,Collateral,1,"Crime, Drama, Thriller"
2004,USA,Connie and Carla,3,"Comedy, Crime, Music"
2004,"USA, Germany",Crash,3,Drama
2004,USA,D.E.B.S.,3,"Action, Comedy, Romance"
2004,"USA, Canada, Japan, France",Dawn of the Dead,3,"Action, Horror, Sci-Fi"
2004,"USA, Germany",Dodgeball: A True Underdog Story,3,"Comedy, Sport"
2004,"USA, Ireland, UK",Ella Enchanted,3,"Comedy, Family, Fantasy"
2004,USA,Eternal Sunshine of the Spotless Mind,2,"Drama, Romance, Sci-Fi"
2004,"USA, UK, Germany",Eulogy,3,"Comedy, Drama"
2004,"USA, UK",Finding Neverland,3,"Biography, Drama, Family"
2004,USA,Flight of the Phoenix,0,"Action, Adventure, Drama"
2004,USA,Garden State,3,"Comedy, Drama, Romance"
2004,"USA, Canada, Germany",Harold and Kumar Go to White Castle,3,"Adventure, Comedy"
2004,"UK, USA",Harry Potter and the Prisoner of  Azkaban,3,"Adventure, Family, Fantasy"
2004,USA,Hellboy,1,"Action, Adventure, Fantasy"
2004,USA,Home on the Range,3,"Animation, Comedy, Family"
2004,"USA, UK, Germany",I Heart Huckabees,3,Comedy
2004,"USA, Germany","I, Robot",1,"Action, Mystery, Sci-Fi"
2004,USA,In Good Company,1,"Comedy, Drama, Romance"
2004,"USA, Germany",Kinsey,3,"Biography, Drama"
2004,"Hong Kong, China",Kung Fu Hustle,0,"Action, Comedy, Crime"
2004,UK,Layer Cake,1,"Crime, Drama, Thriller"
2004,"USA, Germany",Lemony Snicket&#39;s A Series of Unfortunate Events,3,"Adventure, Comedy, Family"
2004,"Colombia, USA, Ecuador",Maria Full of Grace,3,"Crime, Drama"
2004,"USA, Canada",Mean Girls,3,Comedy
2004,USA,Million Dollar Baby,3,"Drama, Sport"
2004,USA,Miracle,1,"Drama, Family, History"
2004,UK,My Summer of Love,3,"Drama, Romance"
2004,USA,Napoleon Dynamite,1,Comedy
2004,USA,New York Minute,3,Comedy
2004,USA,Primer,1,"Drama, Thriller, Sci-Fi"
2004,USA,Raising Helen,3,"Comedy, Drama, Romance"
2004,USA,Ray,3,"Biography, Drama, Music"
2004,"Germany, France, UK, Canada, USA",Resident Evil: Apocalypse,3,"Action, Horror, Sci-Fi"
2004,"USA, Canada",Saved!,3,"Comedy, Drama"
2004,"USA, Australia",Saw,2,"Horror, Mystery, Thriller"
2004,USA,Secret Window,1,"Mystery, Thriller"
2004,USA,Shark Tale,1,"Animation, Adventure, Comedy"
2004,"UK, France, USA",Shaun of the Dead,3,"Comedy, Horror"
2004,USA,Shrek 2,3,"Animation, Adventure, Comedy"
2004,USA,Sideways,3,"Comedy, Drama, Romance"
2004,"USA, UK, Italy",Sky Captain and the World of Tomorrow,3,"Action, Adventure, Mystery"
2004,USA,Spanglish,3,"Comedy, Drama, Romance"
2004,USA,Spider-Man 2,1,"Action, Adventure, Fantasy"
2004,"USA, Germany",Team America: World Police,2,"Animation, Action, Adventure"
2004,"USA, Germany","Aviator, The",1,"Biography, Drama"
2004,"USA, Germany","Bourne Supremacy, The",2,"Action, Crime, Thriller"
2004,"USA, Canada","Butterfly Effect, The",2,"Sci-Fi, Thriller"
2004,USA,"Chronicles of Riddick, The",2,"Action, Adventure, Sci-Fi"
2004,USA,"Day After Tomorrow, The",3,"Action, Adventure, Sci-Fi"
2004,"USA, Japan","Grudge, The",3,"Horror, Mystery, Thriller"
2004,USA,"Incredibles, The",3,"Animation, Action, Adventure"
2004,USA,"Life Aquatic with Steve Zissou, The",2,"Adventure, Comedy, Drama"
2004,USA,"Notebook, The",3,"Drama, Romance"
2004,"UK, USA","Phantom of the Opera, The",2,"Drama, Musical, Romance"
2004,USA,"Polar Express, The",1,"Animation, Adventure, Family"
2004,USA,"Princess Diaries 2: Royal Engagement, The",3,"Comedy, Drama, Family"
2004,USA,"Stepford Wives, The",3,"Comedy, Sci-Fi, Thriller"
2004,USA,"Terminal, The",1,"Comedy, Drama"
2004,USA,"Village, The",3,"Drama, Mystery, Thriller"
2004,USA,"Whole Ten Yards, The",1,"Comedy, Crime, Thriller"
2004,"USA, Malta, UK",Troy,1,"Adventure, Drama"
2004,"USA, Czech Republic",Van Helsing,3,"Action, Adventure, Fantasy"
2004,"UK, France",Vera Drake,3,"Crime, Drama"
2004,USA,White Chicks,3,"Crime, Comedy"
2004,"UK, France, USA",Wimbledon,3,"Comedy, Romance, Sport"
2003,"USA, Germany",2 Fast 2 Furious,1,"Action, Crime, Thriller"
2003,USA,21 grams,3,"Crime, Drama, Thriller"
2003,USA,Big Fish,1,"Adventure, Drama, Fantasy"
2003,France,Bon voyage,3,"Comedy, Drama, Mystery"
2003,USA,Bruce Almighty,3,"Comedy, Drama, Fantasy"
2003,USA,Charlie&#39;s Angels: Full Throttle,3,"Action, Adventure, Comedy"
2003,"USA, UK, Romania, Italy",Cold Mountain,3,"Drama, Romance, War"
2003,USA,Cradle 2 the Grave,1,"Action, Crime, Drama"
2003,USA,Daddy Day Care,3,"Comedy, Family"
2003,USA,Daredevil,0,"Action, Crime, Fantasy"
2003,"USA, Australia",Darkness Falls,1,"Horror, Thriller"
2003,"USA, Australia",Dreamcatcher,0,"Drama, Horror, Sci-Fi"
2003,"USA, Canada",Final Destination 2,3,"Horror, Thriller"
2003,USA,Finding Nemo,1,"Animation, Adventure, Comedy"
2003,USA,Freaky Friday,3,"Comedy, Family, Fantasy"
2003,"UK, Luxembourg",Girl with a Pearl Earring,3,"Biography, Drama, Romance"
2003,Germany,Goodbye Lenin!,3,"Comedy, Drama, Romance"
2003,USA,Holes,2,"Adventure, Comedy, Drama"
2003,USA,Hollywood Homicide,1,"Action, Comedy, Crime"
2003,USA,House of Sand and Fog,3,Drama
2003,"USA, Germany",How to Lose a Guy in 10 Days,3,"Comedy, Romance"
2003,USA,Hulk,1,"Action, Sci-Fi"
2003,USA,Identity,1,"Mystery, Thriller"
2003,"Australia, USA, UK",In the Cut,3,"Mystery, Thriller"
2003,USA,Jeepers Creepers II,3,"Horror, Thriller"
2003,USA,Kill Bill: Vol. 1,3,"Action, Crime"
2003,"USA, Germany, Japan, UK",Lara Croft Tomb Raider: The Cradle of Life,3,"Action, Adventure, Fantasy"
2003,USA,"Legally Blonde 2: Red, White &amp; Blonde",3,Comedy
2003,"France, Belgium, Canada, UK, Latvia",Les triplettes de Belleville,3,"Animation, Comedy"
2003,"USA, Japan",Lost In Translation,3,Drama
2003,"UK, USA, France",Love Actually,3,"Comedy, Drama, Romance"
2003,USA,Master and Commander: The Far Side of the World,0,"Action, Adventure, Drama"
2003,USA,Mona Lisa Smile,3,Drama
2003,"USA, Germany",Monster,3,"Biography, Crime, Drama"
2003,"USA, Australia",Mystic River,3,"Crime, Drama, Mystery"
2003,"Australia, USA, UK",Peter Pan,3,"Adventure, Family, Fantasy"
2003,USA,Pirates of the Caribbean: The Curse of the Black Pearl,3,"Action, Adventure, Fantasy"
2003,USA,Pride and Prejudice,3,"Comedy, Romance"
2003,USA,S.W.A.T.,3,"Action, Crime, Thriller"
2003,"USA, Canada",Scary Movie 3,3,Comedy
2003,USA,Secondhand Lions,1,"Comedy, Drama, Family"
2003,"USA, Hong Kong",Shanghai Knights,1,"Action, Adventure, Comedy"
2003,"USA, Canada",Shattered Glass,2,"Drama, History"
2003,USA,Sinbad: Legend of the Seven Seas,2,"Adventure, Fantasy, Animation"
2003,USA,Something&#39;s Gotta Give,3,"Comedy, Drama, Romance"
2003,USA,Spy Kids 3-D: Game Over,3,"Action, Adventure, Comedy"
2003,"France, UK",Swimming Pool,3,Thriller
2003,"USA, Germany, UK",Terminator 3: Rise of the Machines,3,"Action, Sci-Fi, Thriller"
2003,"USA, Germany, Canada","Core, The",3,"Action, Adventure, Sci-Fi"
2003,"USA, France, UK","Italian Job, The",1,"Action, Crime, Thriller"
2003,"USA, Australia","Jungle Book 2, The",0,"Adventure, Animation, Family"
2003,"USA, New Zealand, Japan","Last Samurai, The",0,"Action, Drama, History"
2003,"USA, Germany, Czech Republic, UK","League of Extraordinary Gentlemen, The",0,"Action, Adventure, Fantasy"
2003,"USA, New Zealand","Lord of the Rings: The Return of the King, The",1,"Action, Adventure, Fantasy"
2003,"USA, Australia","Matrix Reloaded, The",2,"Action, Sci-Fi"
2003,"Australia, USA","Matrix Revolutions, The",3,"Action, Adventure, Sci-Fi"
2003,USA,"Missing, The",3,"Adventure, Thriller, Western"
2003,"USA, Germany","School of Rock, The",3,"Comedy, Music"
2003,USA,Thirteen,3,"Biography, Drama"
2003,USA,Timeline,1,"Action, Adventure, Sci-Fi"
2003,Australia,Undead,3,"Action, Comedy, Horror"
2003,"UK, Germany, Hungary, USA",Underworld,3,"Action, Fantasy, Thriller"
2003,"USA, Germany",Wrong Turn,3,"Horror, Thriller"
2003,"Canada, USA",X2 (X-Men 2),3,"Action, Adventure, Sci-Fi"
2002,USA,25th Hour,2,"Crime, Drama"
2002,UK,28 Days Later...,3,"Horror, Sci-Fi, Thriller"
2002,"France, Italy",8 femmes,3,"Musical, Comedy, Crime"
2002,"USA, Germany",8 Mile,1,"Drama, Music"
2002,USA,About Schmidt,1,"Comedy, Drama"
2002,USA,Adaptation,3,"Comedy, Crime, Drama"
2002,"UK, France",All or Nothing,3,"Drama, Comedy"
2002,USA,Antwone Fisher,1,"Biography, Drama, Romance"
2002,USA,Austin Powers in Goldmember,1,"Action, Comedy, Crime"
2002,"UK, Germany, USA",Bend It Like Beckham,3,"Comedy, Drama, Romance"
2002,"USA, Germany",Blade II,1,"Action, Horror, Sci-Fi"
2002,"USA, Germany",Blue Crush,3,"Drama, Romance, Sport"
2002,USA,Cabin Fever,3,Horror
2002,USA,Carrie,3,"Drama, Horror, Sci-Fi"
2002,"USA, Canada",Catch Me If You Can,2,"Biography, Crime, Drama"
2002,"USA, Germany, Canada",Chicago,3,"Comedy, Crime, Musical"
2002,USA,Crossroads,3,"Adventure, Comedy, Drama"
2002,"USA, UK, Germany",Death to Smoochy,2,"Comedy, Crime, Drama"
2002,"UK, USA",Die Another Day,2,"Action, Adventure, Crime"
2002,USA,Drumline,1,"Comedy, Drama, Romance"
2002,USA,Equilibrium,1,"Action, Drama, Sci-Fi"
2002,"USA, France",Far from Heaven,3,Drama
2002,"USA, Canada, Mexico",Frida,2,"Biography, Drama, Romance"
2002,USA,Funny Ha Ha,3,"Comedy, Drama"
2002,"USA, Italy",Gangs of New York,1,"Crime, Drama, History"
2002,USA,Gerry,0,"Adventure, Drama, Mystery"
2002,"USA, UK, Germany",Harry Potter and the Chamber of Secrets,3,"Adventure, Family, Fantasy"
2002,USA,High Crimes,3,"Crime, Drama, Mystery"
2002,USA,I Spy,1,"Action, Adventure, Comedy"
2002,USA,Ice Age,0,"Animation, Adventure, Comedy"
2002,USA,Igby Goes Down,2,"Comedy, Drama"
2002,"USA, Canada",Insomnia,1,"Crime, Mystery, Thriller"
2002,USA,Lilo and Stitch,3,"Animation, Adventure, Comedy"
2002,USA,Maid in Manhattan,3,"Comedy, Drama, Romance"
2002,USA,May,3,"Drama, Horror, Thriller"
2002,USA,Men in Black II,1,"Action, Comedy, Sci-Fi"
2002,USA,Minority Report,1,"Action, Mystery, Sci-Fi"
2002,USA,Mr Deeds,2,Comedy
2002,"USA, Canada",My Big Fat Greek Wedding,3,"Comedy, Romance"
2002,USA,Panic Room,3,"Crime, Drama, Thriller"
2002,USA,Phone Booth,1,"Mystery, Thriller"
2002,"USA, Australia",Queen of the Damned,3,"Fantasy, Horror, Music"
2002,Australia,Rabbit-Proof Fence,3,"Adventure, Biography, Drama"
2002,USA,Real Women Have Curves,3,"Comedy, Drama"
2002,"USA, Germany",Red Dragon,1,"Crime, Thriller"
2002,"UK, Ireland, USA",Reign of Fire,1,"Action, Adventure, Fantasy"
2002,"UK, Germany, France, USA",Resident Evil,3,"Action, Horror, Sci-Fi"
2002,"USA, Australia",Scooby-Doo,3,"Adventure, Comedy, Family"
2002,USA,Signs,1,"Drama, Sci-Fi, Thriller"
2002,"Canada, USA",Snow Dogs,1,"Adventure, Comedy, Family"
2002,USA,Solaris,1,"Drama, Mystery, Romance"
2002,USA,Spider-Man,1,"Action, Fantasy"
2002,USA,Spirit: Stallion of the Cimarron,1,"Animation, Adventure, Comedy"
2002,USA,Spun,3,"Comedy, Crime, Drama"
2002,USA,Spy Kids 2: Island of Lost Dreams,3,"Action, Adventure, Comedy"
2002,USA,Star Trek: Nemesis,1,"Action, Adventure, Sci-Fi"
2002,USA,Star Wars: Episode II - Attack of the Clones,3,"Action, Adventure, Fantasy"
2002,"USA, Australia","Adventures of Pluto Nash, The",2,"Comedy, Action, Sci-Fi"
2002,USA,"Banger Sisters, The",3,"Comedy, Drama"
2002,"USA, Germany, Czech Republic","Bourne Identity, The",1,"Action, Mystery, Thriller"
2002,USA,"Dangerous Lives of Altar Boys, The",1,"Comedy, Drama"
2002,"USA, Germany, Netherlands","Good Girl, The",3,"Comedy, Drama, Romance"
2002,"USA, UK","Hours, The",3,Drama
2002,"UK, USA","Importance of Being Earnest, The",3,"Comedy, Drama, Romance"
2002,"USA, New Zealand","Lord of the Rings: The Two Towers, The",3,"Action, Adventure, Fantasy"
2002,USA,"Powerpuff Girls, The",3,"Animation, Action, Adventure"
2002,"Germany, USA, UK, Australia, France","Quiet American, The",2,"Drama, Mystery, Romance"
2002,"USA, Japan","Ring, The",3,"Horror, Mystery, Thriller"
2002,"USA, Germany","Rules of Attraction, The",3,"Comedy, Drama, Romance"
2002,USA,"Santa Clause 2, The",1,"Comedy, Family, Fantasy"
2002,USA,"Sweetest Thing, The",3,"Comedy, Romance"
2002,"France, USA","Transporter, The",0,"Action, Crime, Thriller"
2002,USA,"Tuxedo, The",0,"Action, Comedy, Sci-Fi"
2002,USA,Treasure Planet,3,"Animation, Adventure, Family"
2002,USA,Tuck Everlasting,3,"Drama, Romance, Family"
2002,"USA, Australia",Two Weeks Notice,3,"Comedy, Romance"
2002,"USA, Germany",We Were Soldiers,3,"Action, Drama, History"
2002,"New Zealand, Germany",Whale Rider,3,"Drama, Family"
2002,USA,White Oleander,3,Drama
2002,USA,xXx,1,"Action, Thriller"
2001,USA,A Beautiful Mind,1,"Biography, Drama"
2001,USA,A Knight&#39;s Tale,2,"Action, Adventure, Drama"
2001,"USA, Germany, Canada",Along Came A Spider,3,"Action, Crime, Mystery"
2001,USA,American Outlaws,1,"Action, Western"
2001,USA,Antitrust,2,"Crime, Drama, Thriller"
2001,USA,Artificial Intelligence: AI,1,"Adventure, Drama, Sci-Fi"
2001,USA,Atlantis: The Lost Empire,1,"Animation, Adventure, Family"
2001,"USA, UK",Black Hawk Down,0,"Drama, History, War"
2001,USA,Blow,1,"Biography, Crime, Drama"
2001,"USA, UK, Ireland, France",Bridget Jones&#39;s Diary,3,"Comedy, Drama, Romance"
2001,"USA, Australia, Switzerland, Canada",Don&#39;t Say A Word,3,"Crime, Thriller"
2001,USA,Donnie Darko,3,"Drama, Mystery, Sci-Fi"
2001,USA,Dr. Dolittle 2,3,"Comedy, Family, Fantasy"
2001,USA,Evolution,3,"Comedy, Sci-Fi"
2001,USA,From Hell,3,"Horror, Mystery, Thriller"
2001,"USA, UK, Germany",Ghost World,3,"Comedy, Drama"
2001,"UK, USA, Italy",Gosford Park,3,"Drama, Mystery"
2001,"UK, USA",Hannibal,3,"Crime, Drama, Thriller"
2001,"UK, USA",Harry Potter and the Sorcerer&#39;s Stone,3,"Adventure, Family, Fantasy"
2001,USA,Hedwig and the Angry Inch,3,"Comedy, Drama, Music"
2001,"UK, USA",High Heels and Low Lifes,3,"Action, Drama, Comedy"
2001,USA,Impostor,0,"Sci-Fi, Thriller, Action"
2001,USA,Jason X,3,"Horror, Sci-Fi, Thriller"
2001,USA,Jay and Silent Bob Strike Back,3,Comedy
2001,"Germany, USA",Jeepers Creepers,3,"Horror, Mystery"
2001,"Canada, USA",Josie and the Pussycats,3,"Comedy, Music"
2001,USA,Kate &amp; Leopold,2,"Comedy, Fantasy, Romance"
2001,"France, USA",Kiss of the Dragon,1,"Action, Crime, Thriller"
2001,USA,Kissing Jessica Stein,3,"Comedy, Drama, Romance"
2001,USA,L.I.E.,1,"Crime, Drama"
2001,"USA, UK, Japan, Germany",Lara Croft: Tomb Raider,0,"Action, Adventure, Fantasy"
2001,USA,Legally Blonde,3,"Comedy, Romance"
2001,USA,Lovely and Amazing,3,"Comedy, Drama, Romance"
2001,USA,Monkeybone,3,"Animation, Comedy, Fantasy"
2001,"India, USA, Italy, Germany, France",Monsoon Wedding,3,"Comedy, Drama, Romance"
2001,USA,"Monsters, Inc.",1,"Animation, Adventure, Comedy"
2001,"USA, Australia",Moulin Rouge!,3,"Drama, Musical, Romance"
2001,"France, USA",Mulholland Dr.,3,"Drama, Mystery, Thriller"
2001,Germany,Nowhere in Africa,3,"Biography, Drama"
2001,USA,Ocean&#39;s Eleven,1,"Crime, Thriller"
2001,USA,Osmosis Jones,3,"Animation, Action, Adventure"
2001,USA,Pearl Harbor,2,"Action, Drama, Romance"
2001,USA,Save the Last Dance,3,"Drama, Music, Romance"
2001,"USA, Germany",Shallow Hal,3,"Comedy, Drama, Fantasy"
2001,"Hong Kong, China",Shaolin Soccer,0,"Action, Comedy, Sport"
2001,USA,Shrek,1,"Animation, Adventure, Comedy"
2001,USA,Someone Like You...,3,"Comedy, Romance"
2001,USA,Spy Kids,3,"Action, Adventure, Comedy"
2001,USA,Super Troopers,1,"Comedy, Crime, Mystery"
2001,"USA, Germany","Fast and the Furious, The",1,"Action, Crime, Thriller"
2001,USA,"Glass House, The",3,Thriller
2001,Thailand,"Legend of Suriyothai, The",3,"Action, Adventure, Drama"
2001,"New Zealand, USA","Lord of the Rings: The Fellowship of the Ring, The",1,"Action, Adventure, Fantasy"
2001,"USA, Australia","Majestic, The",1,Drama
2001,USA,"One, The",0,"Action, Sci-Fi, Thriller"
2001,"USA, Spain, France, Italy","Others, The",3,"Drama, Horror, Mystery"
2001,USA,"Princess Diaries, The",3,"Comedy, Family, Romance"
2001,USA,"Royal Tenenbaums, The",3,"Comedy, Drama"
2001,"Germany, USA","Wedding Planner, The",3,"Comedy, Romance"
2001,"USA, Canada",Thir13en Ghosts,1,"Horror, Mystery, Thriller"
2001,"USA, Australia",Training Day,1,"Crime, Drama, Thriller"
2001,USA,Valentine,2,"Horror, Thriller"
2001,"USA, Spain",Vanilla Sky,1,"Fantasy, Mystery, Romance"
2001,"USA, Australia, Germany",Zoolander,3,Comedy
2000,USA,28 Days,3,"Comedy, Drama"
2000,USA,Almost Famous,3,"Drama, Music"
2000,USA,American Psycho,3,"Crime, Drama"
2000,UK,Beautiful Creatures,3,"Comedy, Thriller, Crime"
2000,USA,Best in Show,3,Comedy
2000,"UK, France",Billy Elliot,3,"Comedy, Drama, Music"
2000,USA,Boiler Room,1,"Crime, Drama, Thriller"
2000,USA,Bring It On,3,"Comedy, Sport"
2000,USA,Cast Away,2,"Adventure, Drama"
2000,"France, USA",Cecil B. Demented,3,"Comedy, Crime, Thriller"
2000,USA,Center Stage,3,"Drama, Music"
2000,"USA, Germany",Charlie&#39;s Angels,3,"Action, Adventure, Comedy"
2000,"UK, USA",Chicken Run,3,"Animation, Family, Comedy"
2000,"UK, USA",Chocolat,3,"Drama, Romance"
2000,USA,Coyote Ugly,3,"Comedy, Drama, Romance"
2000,"Spain, Argentina, Denmark, Germany, Netherlands, Italy, USA, UK, France, Sweden, Finland, Iceland, Norway",Dancer in the Dark,3,"Crime, Drama, Musical"
2000,USA,"Dude, Where&#39;s My Car",2,"Comedy, Mystery, Sci-Fi"
2000,"USA, Canada, Germany, Italy",Dune,3,"Adventure, Drama, Fantasy"
2000,USA,Erin Brockovich,3,"Biography, Drama"
2000,"USA, Canada",Final Destination,1,"Horror, Thriller"
2000,"USA, UK",Gladiator,0,"Action, Adventure, Drama"
2000,USA,Gone in Sixty Seconds,1,"Action, Crime, Thriller"
2000,"UK, USA",High Fidelity,2,"Comedy, Drama, Music"
2000,"USA, Germany",Hollow Man,3,"Action, Sci-Fi, Thriller"
2000,USA,Little Nicky,1,"Comedy, Fantasy"
2000,USA,Love &amp; Basketball,3,"Drama, Romance, Sport"
2000,USA,Meet the Parents,2,"Comedy, Romance"
2000,USA,Memento,1,"Mystery, Thriller"
2000,"USA, Australia",Miss Congeniality,3,"Action, Comedy, Crime"
2000,USA,Mission to Mars,1,"Adventure, Drama, Sci-Fi"
2000,"UK, France, USA","O Brother, Where Art Thou?",0,"Comedy, Crime"
2000,USA,Pitch Black,3,"Action, Sci-Fi, Thriller"
2000,"Japan, USA",Pokemon: The Movie 2000,3,"Animation, Adventure, Family"
2000,"USA, Australia",Red Planet,0,"Sci-Fi, Action, Thriller"
2000,USA,Remember the Titans,3,"Biography, Drama, Sport"
2000,USA,Requiem for a Dream,3,Drama
2000,USA,Return to Me,3,"Comedy, Drama, Romance"
2000,USA,Romeo Must Die,0,"Action, Crime, Thriller"
2000,"USA, Germany",Rugrats in Paris:,3,"Animation, Adventure, Comedy"
2000,UK,Saving Grace,3,"Comedy, Crime"
2000,USA,Scream 3,3,"Horror, Mystery"
2000,"UK, Spain",Sexy Beast,2,"Crime, Drama"
2000,"USA, Hong Kong",Shanghai Noon,1,"Action, Adventure, Comedy"
2000,"UK, USA",Snatch.,0,"Comedy, Crime"
2000,USA,Songcatcher,3,"Drama, Music"
2000,"USA, UK","Beach, The",1,"Adventure, Drama, Romance"
2000,"USA, Germany","Cell, The",2,"Sci-Fi, Thriller"
2000,USA,"Emperor&#39;s New Groove, The",3,"Animation, Adventure, Comedy"
2000,USA,"Gift, The",3,"Crime, Drama, Fantasy"
2000,"Germany, USA","Patriot, The",3,"Action, Drama, War"
2000,USA,"Road to El Dorado, The",0,"Animation, Adventure, Comedy"
2000,USA,"Way of the Gun, The",2,"Action, Crime, Drama"
2000,USA,"Whole Nine Yards, The",3,"Comedy, Crime"
2000,USA,Thirteen days,1,"Drama, History, Thriller"
2000,USA,Titan A.E.,3,"Animation, Action, Adventure"
2000,USA,Unbreakable,0,"Drama, Mystery, Sci-Fi"
2000,USA,Urbania,1,Drama
2000,"USA, Germany",Vertical Limit,1,"Action, Adventure, Thriller"
2000,USA,What Lies Beneath,3,"Drama, Horror, Mystery"
2000,USA,What Women Want,1,"Comedy, Fantasy, Romance"
2000,USA,Where the Heart Is,3,"Comedy, Drama, Romance"
2000,"Taiwan, Hong Kong, USA, China","Wo hu cang long (Crouching Tiger, Hidden Dragon)",3,"Action, Drama, Romance"
2000,USA,X-Men,1,"Action, Adventure, Sci-Fi"
1999,USA,10 Things I Hate About You,3,"Comedy, Drama, Romance"
1999,"USA, Germany",8MM,1,"Crime, Mystery, Thriller"
1999,USA,American Beauty,3,Drama
1999,USA,American Pie,2,"Comedy, Romance"
1999,"USA, Australia",Analyze This,1,"Comedy, Crime"
1999,USA,Anna and the King,3,"Comedy, Drama, History"
1999,USA,Anywhere But Here,3,"Comedy, Drama"
1999,USA,Austin Powers: The Spy Who Shagged Me,1,"Action, Adventure, Comedy"
1999,USA,Being John Malkovich,3,"Comedy, Drama, Fantasy"
1999,USA,Black and White,3,"Crime, Drama, Music"
1999,"USA, Germany",Blue Streak,1,"Action, Comedy, Crime"
1999,USA,Boys Don&#39;t Cry,2,"Biography, Drama"
1999,USA,But I&#39;m a Cheerleader,3,"Comedy, Drama"
1999,USA,Carrie 2: The Rage,3,"Horror, Sci-Fi, Thriller"
1999,USA,Cruel Intentions,3,"Drama, Romance"
1999,"France, Canada, USA",Dick,3,Comedy
1999,USA,Dogma,3,"Adventure, Comedy, Fantasy"
1999,"USA, Germany",Drop Dead Gorgeous,3,Comedy
1999,USA,Election,3,"Comedy, Drama"
1999,"UK, USA",Eyes Wide Shut,3,"Drama, Mystery, Thriller"
1999,"USA, Germany",Fight Club,1,Drama
1999,USA,Flawless,1,"Comedy, Crime, Drama"
1999,USA,For Love of the Game,2,"Drama, Romance, Sport"
1999,USA,Galaxy Quest,1,"Adventure, Comedy, Sci-Fi"
1999,"USA, Germany","Girl, Interrupted",3,"Biography, Drama"
1999,USA,Go!,3,"Comedy, Crime, Thriller"
1999,USA,Jawbreaker,3,"Comedy, Crime, Thriller"
1999,USA,Magnolia,3,Drama
1999,USA,Muppets From Space,3,"Family, Comedy, Sci-Fi"
1999,USA,Mystery Men,1,"Action, Comedy, Fantasy"
1999,"UK, USA",Notting Hill,3,"Comedy, Drama, Romance"
1999,USA,Office Space,1,Comedy
1999,USA,Payback,1,"Action, Crime, Drama"
1999,"USA, Japan",Pocket Monsters: Mewtwo Strikes Back!,1,"Animation, Action, Adventure"
1999,"Czech Republic, UK, USA",Ravenous,1,"Horror, Thriller"
1999,"USA, Germany",Sleepy Hollow,3,"Drama, Mystery"
1999,USA,South Park: Bigger Longer &amp; Uncut,3,"Animation, Comedy, Musical"
1999,USA,Star Wars: Episode I - The Phantom Menace,3,"Action, Adventure, Fantasy"
1999,"Germany, USA",Stuart Little,1,"Animation, Adventure, Comedy"
1999,USA,Tarzan,2,"Animation, Adventure, Drama"
1999,USA,"13th Warrior, The",1,"Action, Adventure, Fantasy"
1999,USA,"Blair Witch Project, The",3,"Horror, Mystery"
1999,"Canada, USA","Boondock Saints, The",0,"Action, Crime, Thriller"
1999,USA,"Green Mile, The",1,"Crime, Drama, Fantasy"
1999,USA,"Haunting, The",3,"Fantasy, Horror, Mystery"
1999,USA,"Iron Giant, The",0,"Animation, Action, Adventure"
1999,"USA, Australia","Matrix, The",3,"Action, Sci-Fi"
1999,USA,"Mummy, The",1,"Action, Adventure, Fantasy"
1999,USA,"Sixth Sense, The",3,"Drama, Mystery, Thriller"
1999,USA,"Talented Mr. Ripley, The",3,"Crime, Drama, Music"
1999,"Australia, USA",Three to Tango,1,"Comedy, Romance"
1999,UK,Topsy-Turvy,3,"Biography, Comedy, Drama"
1999,USA,Toy Story 2,1,"Animation, Adventure, Comedy"
1999,"USA, UK, Germany, Japan, France",Virus,3,"Action, Horror, Thriller"
1999,USA,Wild Wild West,2,"Action, Western, Comedy"
1999,"USA, Luxembourg",Wing Commander,2,"Action, Adventure, Sci-Fi"
1998,USA,54,1,"Drama, History"
1998,USA,A Bug&#39;s Life,3,"Animation, Adventure, Comedy"
1998,USA,American History X,2,"Crime, Drama"
1998,USA,Armageddon,1,"Action, Adventure, Sci-Fi"
1998,USA,Beloved,3,"Drama, Horror, Mystery"
1998,USA,Blade,1,"Action, Fantasy, Horror"
1998,"Canada, USA",Bride of Chucky,1,"Comedy, Horror, Thriller"
1998,USA,Buffalo &#39;66,1,"Comedy, Crime, Drama"
1998,"Australia, USA",Dark City,1,"Mystery, Sci-Fi"
1998,USA,Deep Impact,3,"Action, Drama, Sci-Fi"
1998,"Australia, USA, Canada",Disturbing Behavior,1,"Horror, Mystery, Sci-Fi"
1998,UK,Elizabeth,3,"Biography, Drama, History"
1998,USA,Enemy of the State,1,"Action, Crime, Mystery"
1998,USA,Ever After,3,"Comedy, Drama, Romance"
1998,USA,Fear and Loathing in Las Vegas,1,Comedy
1998,"Denmark, Sweden",Festen (The Celebration),3,Drama
1998,UK,Get Real,2,"Comedy, Drama, Romance"
1998,"USA, Japan",Godzilla,3,"Action, Sci-Fi, Thriller"
1998,USA,Halloween H20: 20 Years Later,3,"Horror, Thriller"
1998,USA,Happiness,3,"Comedy, Drama"
1998,USA,Hope Floats,3,"Drama, Romance"
1998,UK,Little Voice,3,"Comedy, Drama, Music"
1998,UK,"Lock, Stock and Two Smoking Barrels",1,"Comedy, Crime"
1998,USA,Lost in Space,3,"Action, Adventure, Sci-Fi"
1998,USA,Mercury Rising,1,"Action, Crime, Drama"
1998,USA,Mulan,3,"Animation, Adventure, Family"
1998,USA,Out of Sight,2,"Comedy, Crime, Romance"
1998,USA,Pi,2,"Sci-Fi, Thriller"
1998,"USA, Australia",Practical Magic,3,"Comedy, Fantasy, Romance"
1998,"France, UK, Germany, USA, Japan",Primary Colors,3,"Comedy, Drama"
1998,USA,Quest for Camelot,3,"Animation, Adventure, Comedy"
1998,USA,Rounders,1,"Crime, Drama"
1998,Germany,Run Lola Run,3,"Action, Crime, Thriller"
1998,USA,Rush Hour,1,"Action, Comedy, Thriller"
1998,USA,Rushmore,3,"Comedy, Drama"
1998,USA,Safe Men,0,"Comedy, Crime"
1998,USA,Saving Private Ryan,0,"Action, Drama, War"
1998,USA,Shakespeare in Love,3,"Comedy, Drama, Romance"
1998,USA,Six Days Seven Nights,1,"Action, Adventure, Comedy"
1998,"UK, USA",Sliding Doors,3,"Comedy, Drama, Fantasy"
1998,USA,Slums of Beverly Hills,3,"Comedy, Drama"
1998,USA,Small Soldiers,1,"Action, Adventure, Comedy"
1998,"Canada, USA",Smoke Signals,3,"Comedy, Drama"
1998,USA,Sphere,1,"Drama, Mystery, Sci-Fi"
1998,USA,Star Trek: Insurrection,3,"Action, Adventure, Sci-Fi"
1998,USA,Stepmom,3,"Comedy, Drama"
1998,USA,"Avengers, The",3,"Action, Adventure, Sci-Fi"
1998,"USA, UK","Big Lebowski, The",1,"Comedy, Crime"
1998,USA,"Faculty, The",3,"Horror, Mystery, Sci-Fi"
1998,"USA, France","Man in the Iron Mask, The",1,"Action, Adventure"
1998,"USA, Germany","Mask of Zorro, The",1,"Action, Adventure, Comedy"
1998,"Germany, USA","Negotiator, The",1,"Action, Crime, Drama"
1998,USA,"Prince of Egypt, The",3,"Animation, Adventure, Drama"
1998,USA,"Proposition, The",2,"Drama, Romance"
1998,USA,"Thin Red Line, The",1,"Drama, War"
1998,USA,"Truman Show, The",1,"Comedy, Drama, Sci-Fi"
1998,USA,There&#39;s Something About Mary,3,"Comedy, Romance"
1998,"USA, France",Urban Legend,3,"Horror, Mystery, Thriller"
1998,"USA, Japan",Vampires (John Carpenter&#39;s),0,"Action, Horror, Thriller"
1998,"UK, USA",Velvet Goldmine,2,"Drama, Music"
1998,USA,Wild Things,3,"Crime, Mystery, Thriller"
1998,USA,You&#39;ve Got Mail,3,"Comedy, Drama, Romance"
1997,USA,A Simple Wish,3,"Comedy, Fantasy"
1997,"USA, Canada",Air Bud,1,"Comedy, Drama, Family"
1997,"USA, Germany",Air Force One,1,"Action, Adventure, Drama"
1997,USA,Alien: Resurrection,3,"Action, Sci-Fi, Thriller"
1997,USA,Anastasia,3,"Animation, Adventure, Drama"
1997,USA,As Good as It Gets,3,"Comedy, Drama, Romance"
1997,"USA, Germany",Austin Powers: International Man of Mystery,2,"Comedy, Crime, Sci-Fi"
1997,"USA, UK",Batman &amp; Robin,2,"Action, Crime, Fantasy"
1997,USA,Boogie Nights,3,Drama
1997,USA,Cats Don&#39;t Dance,3,"Animation, Comedy, Family"
1997,USA,Chasing Amy,3,"Comedy, Drama, Romance"
1997,USA,Cinderella,3,"Musical, Romance, Fantasy"
1997,"UK, USA",Clockwatchers,3,"Comedy, Drama"
1997,USA,Con Air,2,"Action, Crime, Thriller"
1997,USA,Conspiracy Theory,2,"Action, Crime, Mystery"
1997,USA,Contact,3,"Drama, Mystery, Sci-Fi"
1997,USA,Eve&#39;s Bayou,3,Drama
1997,"UK, USA",Event Horizon,3,"Horror, Sci-Fi"
1997,UK,Fever Pitch,3,"Comedy, Drama, Romance"
1997,USA,Flubber,2,"Comedy, Family, Sci-Fi"
1997,"USA, UK",G.I. Jane,3,"Action, Drama"
1997,USA,Gattaca,1,"Drama, Romance, Sci-Fi"
1997,USA,George of the Jungle,3,"Action, Adventure, Comedy"
1997,USA,Good Will Hunting,0,Drama
1997,USA,Grosse Pointe Blank,3,"Action, Comedy, Crime"
1997,USA,Hercules,3,"Animation, Adventure, Family"
1997,USA,I Know What You Did Last Summer,3,"Horror, Mystery, Thriller"
1997,"Canada, USA",In the Company of Men,1,"Comedy, Drama"
1997,USA,Jackie Brown,3,"Crime, Drama, Thriller"
1997,USA,Kiss the Girls,2,"Crime, Drama, Mystery"
1997,USA,L.A. Confidential,1,"Crime, Drama, Mystery"
1997,USA,Liar Liar,1,"Comedy, Drama, Fantasy"
1997,USA,Men in Black,1,"Comedy, Sci-Fi"
1997,Japan,Mononoke-hime,3,"Animation, Adventure, Fantasy"
1997,USA,Mortal Kombat: Annihilation,3,"Action, Adventure, Fantasy"
2005,USA,Must Love Dogs,2,"Comedy, Romance"
1997,USA,My Best Friend&#39;s Wedding,2,"Comedy, Romance"
1997,"USA, Japan",Orgazmo,1,Comedy
1997,USA,Scream 2,3,"Horror, Mystery"
1997,USA,Selena,3,"Biography, Drama, Music"
1997,"Denmark, Germany, Sweden",Smilla&#39;s Sense of Snow,3,"Action, Drama, Sci-Fi"
1997,USA,Spawn,3,"Action, Fantasy, Horror"
1997,USA,Starship Troopers,3,"Action, Sci-Fi"
1997,"USA, Germany","Devil&#39;s Advocate, The",3,"Drama, Mystery, Thriller"
1997,France,"Fifth Element, The",1,"Action, Adventure, Sci-Fi"
1997,USA,"Game, The",1,"Drama, Mystery, Thriller"
1997,USA,"Lost World: Jurassic Park, The",3,"Action, Adventure, Sci-Fi"
1997,USA,"Peacemaker, The",3,"Action, Thriller"
1997,USA,"Postman, The",1,"Action, Adventure, Drama"
1997,USA,Titanic,3,"Drama, Romance"
1997,USA,Volcano,3,"Action, Drama, Sci-Fi"
1996,"UK, USA",August,3,"Comedy, Drama, Romance"
1996,USA,Bound,3,"Crime, Drama, Thriller"
1996,USA,Broken Arrow,0,"Action, Adventure, Thriller"
1996,USA,Chain Reaction,1,"Action, Drama, Sci-Fi"
1996,USA,DragonHeart,2,"Action, Adventure, Drama"
1996,"UK, USA",Emma,3,"Comedy, Drama, Romance"
1996,USA,Escape from L.A.,1,"Action, Adventure, Sci-Fi"
1996,USA,Eye for an Eye,3,"Crime, Drama, Thriller"
1996,"USA, UK",Fargo,2,"Crime, Drama, Thriller"
1996,USA,Freeway,3,"Comedy, Crime, Drama"
1996,USA,From Dusk Till Dawn,1,"Action, Crime, Horror"
1996,"UK, USA",Hamlet,1,"Drama, History"
1996,USA,Harriet the Spy,3,"Family, Comedy, Drama"
1996,USA,Independence Day,3,"Action, Adventure, Drama"
1996,USA,Jingle All the Way,1,"Comedy, Family"
1996,USA,Kingpin,1,"Comedy, Sport"
1996,Australia,Love and Other Catastrophes,3,"Comedy, Romance"
1996,USA,Mars Attacks!,3,"Comedy, Sci-Fi"
1996,USA,Mission: Impossible,1,"Action, Adventure, Thriller"
1996,USA,Romeo + Juliet,3,"Drama, Romance"
1996,USA,Scream,3,"Crime, Horror, Mystery"
1996,"France, UK",Secrets &amp; Lies,3,Drama
1996,USA,Set It Off,3,"Action, Crime, Drama"
1996,USA,Space Jam,1,"Animation, Adventure, Comedy"
1996,USA,Spy Hard,1,"Comedy, Action"
1996,USA,Star Trek: First Contact,3,"Action, Adventure, Sci-Fi"
1996,USA,Striptease,3,"Crime, Drama, Thriller"
1996,USA,That Thing You Do!,3,"Comedy, Drama, Music"
1996,USA,"Cable Guy, The",1,"Comedy, Drama, Thriller"
1996,USA,"Craft, The",3,"Drama, Fantasy, Horror"
1996,"USA, UK","English Patient, The",3,"Drama, Romance, War"
1996,USA,"Fan, The",1,"Drama, Sport, Thriller"
1996,USA,"First Wives Club, The",3,Comedy
1996,USA,"Glimmer Man, The",1,"Action, Comedy, Crime"
1996,USA,"Hunchback of Notre Dame, The",1,"Animation, Drama, Family"
1996,USA,"Long Kiss Goodnight, The",3,"Action, Crime, Drama"
1996,USA,"Mirror Has Two Faces, The",3,"Comedy, Drama, Romance"
1996,USA,"Rock, The",1,"Action, Adventure, Thriller"
1996,UK,Trainspotting,2,"Crime, Drama"
1996,USA,Twister,3,"Action, Adventure, Drama"
1996,"UK, USA, Germany",Walking and Talking,3,"Drama, Comedy, Romance"
1996,France,When the Cat&#39;s Away,3,"Comedy, Romance"
1995,USA,Apollo 13,3,"Adventure, Drama, History"
1995,"USA, France",Assassins,1,"Action, Thriller, Crime"
1995,"USA, UK",Batman Forever,1,"Action, Adventure, Fantasy"
1995,"USA, Austria, Switzerland",Before Sunrise,0,"Drama, Romance"
1995,USA,Braveheart,2,"Action, Biography, Drama"
1995,"USA, France",Casino,2,"Biography, Crime, Drama"
1995,USA,Casper,3,"Comedy, Family, Fantasy"
1995,USA,Clueless,3,"Comedy, Romance"
1995,USA,Congo,0,"Action, Adventure, Mystery"
1995,USA,Copycat,3,"Crime, Drama, Mystery"
1995,USA,Die Hard: With a Vengeance,1,"Action, Crime, Thriller"
1995,USA,Four rooms,3,Comedy
1995,USA,Home for the holidays,3,"Comedy, Drama, Romance"
1995,USA,Jumanji,3,"Adventure, Family, Fantasy"
1995,USA,Mallrats,2,"Comedy, Romance"
1995,USA,Mortal Kombat,1,"Action, Adventure, Fantasy"
1995,USA,Outbreak,3,"Action, Drama, Sci-Fi"
1995,USA,Pocahontas,3,"Animation, Adventure, Drama"
1995,UK,Pride and Prejudice,3,"Romance, Drama"
1995,"Germany, USA",Sabrina,3,"Comedy, Drama"
1995,"UK, USA",Safe,3,Drama
1995,USA,Se7en,1,"Crime, Mystery, Thriller"
1995,"USA, UK",Sense and Sensibility,3,"Drama, Romance"
1995,"France, USA",Showgirls,3,Drama
1995,USA,Species,3,"Action, Horror, Sci-Fi"
1995,USA,Tank Girl,3,"Action, Comedy, Sci-Fi"
1995,USA,"American President, The",3,"Comedy, Drama, Romance"
1995,USA,"Bridges of Madison County, The",3,"Drama, Romance"
1995,USA,"Incredibly True Adventures of Two Girls in Love, The",3,"Comedy, Drama, Romance"
1995,USA,"Net, The",3,"Action, Crime, Drama"
1995,"USA, Japan","Quick and the Dead, The",3,"Action, Thriller, Western"
1995,"USA, Germany","Usual Suspects, The",1,"Crime, Mystery, Thriller"
1995,USA,Toy Story,1,"Animation, Adventure, Comedy"
1995,USA,Twelve Monkeys,1,"Mystery, Sci-Fi, Thriller"
1995,USA,Waterworld,2,"Action, Adventure, Sci-Fi"
1995,USA,Welcome to the Dollhouse,3,"Comedy, Drama"
1994,USA,Ace Ventura: Pet Detective,2,Comedy
1994,USA,Beverly Hills Cop III,0,"Action, Comedy, Crime"
1994,USA,Clerks.,1,Comedy
1994,USA,Crooklyn,3,"Comedy, Drama"
1994,USA,Dumb &amp; Dumber,2,Comedy
1994,USA,Ed Wood,3,"Biography, Comedy, Drama"
1994,USA,Forrest Gump,1,"Drama, Romance"
1994,USA,Legends of the Fall,3,"Drama, Romance, War"
1994,"USA, Canada",Little Women,3,"Drama, Romance"
1994,USA,Naked Gun 33 1/3: The Final Insult,2,"Action, Comedy, Crime"
1994,USA,Police Academy: Mission to Moscow,1,"Comedy, Crime"
1994,UK,Priest,3,Drama
1994,USA,Pulp Fiction,3,"Crime, Drama, Thriller"
1994,USA,Speed,3,"Action, Crime, Thriller"
1994,"France, USA",Stargate,1,"Action, Adventure, Sci-Fi"
1994,"USA, Japan",Street Fighter,3,"Action, Sci-Fi, Thriller"
1994,USA,"Client, The",3,"Crime, Drama, Mystery"
1994,"UK, Germany, USA","Hudsucker Proxy, The",1,Comedy
1994,USA,"Lion King, The",1,"Animation, Adventure, Drama"
1994,USA,"Mask, The",1,"Comedy, Crime, Fantasy"
1994,USA,"Santa Clause, The",1,"Comedy, Drama, Family"
1994,USA,"Shadow, The",0,"Action, Adventure, Crime"
1994,USA,"Shawshank Redemption, The",0,"Crime, Drama"
1994,"Peru, USA","Specialist, The",1,"Action, Thriller"
1994,"Canada, USA, Japan",Timecop,1,"Action, Romance, Sci-Fi"
1994,USA,True Lies,3,"Action, Thriller"
1993,"Italy, France, USA",Cliffhanger,1,"Action, Adventure, Thriller"
1993,USA,Cool Runnings,1,"Adventure, Comedy, Family"
1993,USA,Dazed and Confused,3,"Comedy, Drama"
1993,USA,Gettysburg,0,"Drama, History, War"
1993,USA,Groundhog Day,2,"Comedy, Drama, Fantasy"
1993,USA,Hocus Pocus,3,"Comedy, Family, Fantasy"
1993,USA,Jurassic Park,3,"Adventure, Sci-Fi"
1993,USA,Mrs. Doubtfire,3,"Comedy, Drama"
1993,USA,Pieces of April,3,"Comedy, Drama"
1993,USA,Schindler&#39;s List,3,"Biography, Drama, History"
1993,"UK, USA",Super Mario Bros.,3,"Adventure, Comedy, Family"
1993,USA,"Age of Innocence, The",3,"Drama, Romance"
1993,USA,"Fugitive, The",2,"Action, Adventure, Crime"
1993,"UK, USA","Princess and the Cobbler, The",0,"Animation, Adventure, Comedy"
1993,"UK, USA","Remains of the Day, The",1,"Drama, Romance"
1993,USA,Tombstone,3,"Action, Drama, History"
1992,USA,A Few Good Men,1,"Crime, Drama, Mystery"
1992,USA,A League of Their Own,3,"Comedy, Drama, Sport"
1992,USA,Aladdin,0,"Animation, Adventure, Comedy"
1992,USA,Alien 3,0,"Action, Sci-Fi, Thriller"
1992,USA,Army of Darkness,2,"Comedy, Fantasy, Horror"
1992,"USA, UK",Batman Returns,0,"Action, Fantasy"
1992,USA,Buffy the Vampire Slayer,3,"Action, Comedy, Fantasy"
1992,USA,Death Becomes Her,3,"Comedy, Fantasy"
1992,USA,El Mariachi,0,"Action, Crime, Drama"
1992,USA,Glengarry Glen Ross,0,Drama
1992,USA,Hero,1,"Comedy, Drama"
1992,USA,Home Alone 2: Lost in New York,3,"Adventure, Comedy, Crime"
1992,"USA, Japan",Malcolm X,3,"Biography, Drama, History"
1992,USA,My Cousin Vinny,1,"Comedy, Crime"
1992,USA,Reservoir Dogs,0,"Crime, Thriller"
1992,"UK, Japan","Crying Game, The",2,"Crime, Drama, Romance"
1992,USA,"Mighty Ducks, The",1,"Action, Comedy, Drama"
1992,USA,"Muppet Christmas Carol, The",3,"Comedy, Drama, Family"
1992,USA,"Player, The",3,"Comedy, Crime, Drama"
1992,USA,Wayne&#39;s World,1,"Comedy, Music"
1991,USA,Beauty and the Beast,3,"Animation, Family, Fantasy"
1991,USA,Bill &amp; Ted&#39;s Bogus Journey,1,"Adventure, Comedy, Fantasy"
1991,USA,Hook,2,"Adventure, Comedy, Family"
1991,USA,Hudson Hawk,3,"Action, Adventure, Comedy"
1991,USA,Robin Hood: Prince of Thieves,3,"Action, Adventure, Drama"
1991,USA,Slacker,3,"Comedy, Drama"
1991,USA,Star Trek VI: The Undiscovered Country,2,"Action, Adventure, Sci-Fi"
1991,"USA, Hong Kong",Teenage Mutant Ninja Turtles II: The Secret of the Ooze,3,"Action, Adventure, Comedy"
1991,"USA, France",Terminator 2: Judgement Day,3,"Action, Sci-Fi, Thriller"
1991,USA,"Addams Family, The",3,"Comedy, Fantasy"
1991,USA,"Naked Gun 2 1/2: The Smell of Fear, The",1,"Action, Comedy, Crime"
1991,USA,"Silence of the Lambs, The",3,"Crime, Drama, Thriller"
1991,USA,White Fang,1,"Adventure, Drama"
1990,USA,Back to the Future Part III,1,"Adventure, Comedy, Sci-Fi"
1990,USA,Child&#39;s Play 2,3,"Horror, Mystery, Thriller"
1990,USA,Dark Angel (I Come in Peace),0,"Action, Crime, Drama"
1990,USA,Die Hard 2,3,"Action, Thriller"
1990,USA,Edward Scissorhands,3,"Drama, Fantasy, Romance"
1990,USA,Flatliners,3,"Drama, Horror, Sci-Fi"
1990,USA,Ghost,3,"Drama, Fantasy, Mystery"
1990,USA,Goodfellas,3,"Biography, Crime, Drama"
1990,USA,Home Alone,3,"Comedy, Family"
1990,"France, Italy",Nikita,3,"Action, Drama, Thriller"
1990,USA,Predator 2,2,"Action, Sci-Fi, Thriller"
1990,USA,Pretty Woman,3,"Comedy, Romance"
1990,USA,"Hunt for Red October, The",1,"Action, Adventure, Thriller"
1990,USA,Total Recall,1,"Action, Adventure, Sci-Fi"
1990,USA,Tremors,3,"Comedy, Horror, Sci-Fi"
1989,USA,Back to the Future Part II,3,"Adventure, Comedy, Sci-Fi"
1989,"USA, UK",Batman,1,"Action, Fantasy"
1989,USA,Bill &amp; Ted&#39;s Excellent Adventure,2,"Adventure, Comedy, Sci-Fi"
1989,USA,Dead Poets Society,1,Drama
1989,UK,Henry V,3,"Action, Biography, Drama"
1989,USA,Indiana Jones and the Last Crusade,0,"Action, Adventure"
1989,"UK, USA",Licence to Kill,2,"Action, Adventure, Crime"
1989,USA,Major League,1,"Comedy, Sport"
1989,USA,Road House,1,"Action, Thriller"
1989,USA,"Sex, Lies, and Videotape",2,Drama
1989,USA,Star Trek V: The Final Frontier,1,"Action, Adventure, Sci-Fi"
1989,USA,"Abyss, The",3,"Adventure, Drama, Sci-Fi"
1989,USA,Troop Beverly Hills,3,"Adventure, Comedy"
1989,USA,UHF,1,Comedy
1988,USA,Action Jackson,1,"Action, Comedy, Crime"
1988,Japan,Akira,1,"Animation, Action, Adventure"
1988,USA,Beetle Juice,3,"Comedy, Fantasy"
1988,USA,Bloodsport,1,"Action, Biography, Drama"
1988,USA,Child&#39;s Play,3,"Horror, Mystery, Thriller"
1988,"USA, UK",Dangerous Liaisons,3,"Drama, Romance"
1988,USA,Die Hard,3,"Action, Thriller"
1988,USA,Midnight Run,2,"Action, Comedy, Crime"
1988,USA,My Stepmother Is an Alien,3,"Comedy, Sci-Fi"
1988,USA,Mystic Pizza,3,"Comedy, Drama, Romance"
1988,USA,Poltergeist III,3,"Horror, Thriller"
1988,USA,Rain Man,1,Drama
1988,USA,Scrooged,3,"Comedy, Drama, Fantasy"
1988,"USA, Ireland","Land Before Time, The",3,"Animation, Adventure, Family"
1988,"USA, Canada","Last Temptation of Christ, The",2,Drama
1988,USA,They Live,0,"Action, Horror, Sci-Fi"
1988,USA,Twins,3,"Comedy, Drama"
1988,USA,Who Framed Roger Rabbit,1,"Animation, Comedy, Crime"
1988,USA,Young Guns,1,"Action, Crime, Drama"
1987,USA,Beverly Hills Cop II,1,"Action, Comedy, Crime"
1987,USA,Evil Dead II,3,"Comedy, Horror"
1987,USA,Fatal Attraction,3,"Drama, Thriller"
1987,USA,"Good Morning, Vietnam",1,"Comedy, Drama, War"
1987,UK,Hellraiser,3,Horror
1987,USA,Lethal Weapon,1,"Action, Thriller"
1987,USA,Predator,0,"Action, Adventure, Sci-Fi"
1987,USA,Radio Days,1,Comedy
1987,USA,RoboCop,1,"Action, Crime, Sci-Fi"
1987,USA,Spaceballs,3,"Adventure, Comedy, Sci-Fi"
1987,"UK, USA",Superman IV: The Quest for Peace,3,"Action, Adventure, Family"
1987,"China, Italy, UK, France","Last Emperor, The",3,"Biography, Drama, History"
1987,USA,"Lost Boys, The",1,"Comedy, Horror"
1987,USA,"Princess Bride, The",2,"Adventure, Comedy, Family"
1986,"USA, UK",Aliens,3,"Action, Adventure, Sci-Fi"
1986,Australia,Crocodile Dundee,3,"Adventure, Comedy"
1986,UK,Highlander,2,"Action, Adventure, Fantasy"
1986,USA,Howard The Duck,3,"Action, Adventure, Comedy"
1986,USA,Little Shop of Horrors,1,"Comedy, Horror, Musical"
1986,USA,Peggy Sue Got Married,3,"Comedy, Drama, Fantasy"
1986,"UK, USA",Platoon,0,"Action, Drama, War"
1986,USA,Stand By Me,0,"Adventure, Drama"
1986,USA,"Clan of the Cave Bear, The",3,"Adventure, Drama, Fantasy"
1986,USA,Top Gun,2,"Action, Drama, Romance"
1985,USA,Back to the Future,2,"Adventure, Comedy, Sci-Fi"
1985,UK,Brazil,3,"Drama, Fantasy, Sci-Fi"
1985,USA,Commando,1,"Action, Thriller"
1985,USA,Day of the Dead,0,Horror
1985,USA,Ladyhawke,0,"Adventure, Drama, Fantasy"
1985,"USA, UK",Legend,3,"Fantasy, Adventure, Romance"
1985,UK,My Beautiful Laundrette,2,"Comedy, Drama, Romance"
1985,"Netherlands, USA",Red Sonja,3,"Action, Adventure, Fantasy"
1985,"UK, USA",Return to Oz,3,"Adventure, Family, Fantasy"
1985,USA,"Color Purple, The",3,Drama
1984,USA,A nightmare on Elm Street,3,Horror
1984,USA,Amadeus,3,"Biography, Drama, Music"
1984,USA,Beverly Hills Cop,0,"Action, Comedy, Crime"
1984,USA,Body Double,2,"Crime, Drama, Mystery"
1984,USA,Conan the Destroyer,3,"Action, Fantasy, Adventure"
1984,USA,Dune,3,"Action, Adventure, Sci-Fi"
1984,USA,Friday the 13th Part IV: The Final Chapter,3,"Horror, Thriller"
1984,USA,Ghostbusters,2,"Comedy, Fantasy, Sci-Fi"
1984,USA,Gremlins,1,"Comedy, Horror"
1984,USA,Indiana Jones and the Temple of Doom,0,"Action, Adventure"
1984,USA,Police Academy,3,"Comedy, Crime"
1984,USA,Repo Man,2,"Comedy, Crime, Sci-Fi"
1984,USA,Splash,1,"Comedy, Fantasy, Romance"
1984,USA,Star Trek III: The Search for Spock,1,"Action, Adventure, Sci-Fi"
1984,USA,"Karate Kid, The",3,"Action, Drama, Family"
1984,"UK, USA","Terminator, The",3,"Action, Sci-Fi"
1983,USA,Flashdance,3,"Drama, Romance, Music"
1983,USA,Star Wars: Episode VI - Return of the Jedi,1,"Action, Adventure, Fantasy"
1983,"UK, USA",Superman III,3,"Action, Comedy, Fantasy"
1983,Canada,Videodrome,2,"Horror, Sci-Fi"
1983,USA,WarGames,1,"Sci-Fi, Thriller"
1982,"USA, Hong Kong, UK",Blade Runner,1,"Drama, Sci-Fi, Thriller"
1982,USA,Cat People,3,"Drama, Fantasy, Horror"
1982,USA,Conan the Barbarian,1,"Action, Fantasy, Adventure"
1982,USA,Diner,1,"Comedy, Drama"
1982,USA,E.T.: The Extra-Terrestrial,3,"Adventure, Family, Fantasy"
1982,USA,Fast Times at Ridgemont High,2,"Comedy, Drama, Romance"
1982,USA,First Blood,0,"Action, Adventure, Drama"
1982,USA,Friday the 13th Part III,3,"Horror, Thriller"
1982,USA,Poltergeist,3,Horror
1982,"Canada, USA",Porky&#39;s,2,Comedy
1982,USA,Star Trek: The Wrath of Khan,3,"Action, Adventure, Drama"
1982,USA,"Best Little Whorehouse in Texas, The",3,"Comedy, Musical"
1982,USA,Tootsie,1,"Comedy, Drama, Romance"
1982,USA,TRON,0,"Action, Adventure, Sci-Fi"
1981,West Germany,Das Boot,0,"Action, Adventure, Drama"
1981,"UK, USA",Escape from New York,0,"Action, Sci-Fi"
1981,USA,Friday the 13th Part 2,2,"Horror, Mystery, Thriller"
1981,USA,Halloween II,3,"Horror, Thriller"
1981,Canada,Heavy Metal,1,"Animation, Adventure, Fantasy"
1981,USA,History of the World: Part I,1,"Comedy, Musical"
1981,USA,Raiders of the Lost Ark,3,"Action, Adventure"
1981,USA,"Evil Dead, The",1,Horror
1981,UK,Time Bandits,1,"Adventure, Comedy, Fantasy"
1980,USA,Airplane!,3,Comedy
1980,USA,Can&#39;t Stop the Music,3,"Music, Musical"
1980,USA,Fame,3,"Drama, Music, Musical"
1980,"USA, UK",Flash Gordon,3,"Action, Adventure, Fantasy"
1980,USA,Friday the 13th,3,Horror
1980,USA,Heaven&#39;s Gate,0,"Action, Adventure, Drama"
1980,USA,Private Benjamin,3,"Comedy, War"
1980,USA,Raging Bull,1,"Biography, Drama, Sport"
1980,USA,Somewhere in Time,2,"Drama, Fantasy, Romance"
1980,USA,Star Wars: Episode V - The Empire Strikes Back,0,"Action, Adventure, Sci-Fi"
1980,"USA, UK",Superman II,3,"Action, Sci-Fi"
1980,USA,"Blues Brothers, The",1,"Action, Comedy, Musical"
1980,USA,"Fog, The",3,Horror
1980,"UK, USA","Shining, The",2,Horror
1979,"USA, UK",Alien,3,"Horror, Sci-Fi"
1979,USA,Apocalypse Now,0,"Drama, War"
1979,"UK, France",Moonraker,1,"Action, Adventure, Crime"
1979,USA,Star Trek: The Motion Picture,1,"Adventure, Mystery, Sci-Fi"
1979,USA,"Amityville Horror, The",3,Horror
1978,USA,Animal House,2,"Comedy, Romance"
1978,"Italy, USA",Dawn of the Dead,0,Horror
1978,USA,Days of Heaven,3,"Drama, Romance"
1978,USA,Grease,3,"Musical, Romance"
1978,USA,Halloween,3,"Horror, Thriller"
1978,USA,I Spit on Your Grave,0,"Horror, Thriller"
1978,"USA, UK",Superman,1,"Action, Fantasy, Sci-Fi"
1978,"UK, USA","Deer Hunter, The",1,"Drama, War"
1977,"USA, UK",A Bridge Too Far,1,"Drama, History, War"
1977,USA,Annie Hall,3,"Comedy, Romance"
1977,USA,Close Encounters of the Third Kind,1,"Adventure, Drama, Sci-Fi"
1977,USA,Eraserhead,0,"Fantasy, Horror"
1977,USA,High Anxiety,1,Comedy
1977,USA,Julia,3,Drama
1977,USA,Star Wars,1,"Action, Adventure, Fantasy"
1976,USA,Assault on Precinct 13,3,"Action, Crime, Thriller"
1976,USA,Family Plot,3,"Comedy, Thriller"
1976,USA,Logan&#39;s Run,2,"Action, Adventure, Sci-Fi"
1976,USA,Network,3,Drama
1976,USA,Rocky,1,"Drama, Sport"
1976,USA,Silent Movie,1,Comedy
1976,USA,Sparkle,3,"Drama, Music"
1976,USA,Taxi Driver,1,"Crime, Drama"
1975,"UK, USA",Barry Lyndon,1,Drama
1975,USA,Jaws,3,"Adventure, Horror, Thriller"
1975,UK,Monty Python and the Holy Grail,2,"Adventure, Comedy, Fantasy"
1975,USA,One Flew Over the Cuckoo&#39;s Nest,2,Drama
1975,"UK, USA","Rocky Horror Picture Show, The",3,"Comedy, Musical"
1974,Canada,Black Christmas,3,"Horror, Mystery, Thriller"
1974,USA,Blazing Saddles,1,"Comedy, Western"
1974,USA,"Conversation, The",1,"Drama, Mystery, Thriller"
1974,USA,"Godfather: Part II, The",2,"Crime, Drama"
1974,USA,"Texas Chain Saw Massacre, The",1,Horror
1974,USA,"Towering Inferno, The",1,Action
1974,USA,Young Frankenstein,2,Comedy
1973,USA,American Graffiti,2,"Comedy, Drama"
1973,USA,High Plains Drifter,1,Western
1973,USA,Sleeper,1,"Comedy, Sci-Fi"
1973,USA,"Exorcist, The",3,Horror
1973,USA,"Sting, The",1,"Comedy, Crime, Drama"
1972,USA,1776,1,"Drama, Family, History"
1972,USA,Pink Flamingos,3,"Comedy, Crime, Horror"
1972,USA,"Godfather, The",2,"Crime, Drama"
1971,USA,Escape from the Planet of the Apes,1,"Action, Sci-Fi"
1971,USA,Shaft,1,"Action, Crime, Thriller"
1971,"USA, UK",Straw Dogs,1,Thriller
1971,USA,"French Connection, The",1,"Action, Crime, Thriller"
1971,USA,Willy Wonka &amp; the Chocolate Factory,2,"Fantasy, Musical"
1970,USA,Beyond the Valley of the Dolls,3,"Comedy, Music"
